status,status_desc,road_name,时间,路况描述
1,双向畅通,人民大桥,2023-03-19 12:40:24,人民大桥：双向畅通。
1,双向畅通,人民大道,2023-03-19 12:40:24,人民大道：双向畅通。
3,自南向北畅通；自西向东拥堵,博爱北路,2023-03-19 12:40:24,"博爱北路：自南向北畅通；自西向东拥堵；西向东,长堤路附近严重拥堵；南向北,从大兴东路到水巷口街拥堵。"
1,双向畅通,博爱南路,2023-03-19 12:40:25,博爱南路：双向畅通。
1,双向畅通,大同路,2023-03-19 12:40:25,大同路：双向畅通。
1,双向畅通,广场横路,2023-03-19 12:40:25,广场横路：双向畅通。
1,双向畅通,得胜沙北二街,2023-03-19 12:40:25,得胜沙北二街：双向畅通。
1,自西向东畅通,得胜沙路,2023-03-19 12:40:25,得胜沙路：自西向东畅通。
1,双向畅通,新华北路,2023-03-19 12:40:26,新华北路：双向畅通。
1,自北向南畅通,新华南路,2023-03-19 12:40:26,新华南路：自北向南畅通。
1,双向畅通,海富街,2023-03-19 12:40:26,海富街：双向畅通。
1,双向畅通,海甸一东路,2023-03-19 12:40:26,海甸一东路：双向畅通。
1,双向畅通,海甸一西路,2023-03-19 12:40:26,海甸一西路：双向畅通。
1,双向畅通,海甸东一街,2023-03-19 12:40:26,海甸东一街：双向畅通。
1,双向畅通,海甸二西路,2023-03-19 12:40:27,海甸二西路：双向畅通。
1,双向畅通,盐灶路,2023-03-19 12:40:27,盐灶路：双向畅通。
1,自西向东畅通,解放东路,2023-03-19 12:40:27,"解放东路：自西向东畅通；西向东,从新华北路到博爱北路拥堵。"
2,双向畅通,解放西路,2023-03-19 12:40:28,"解放西路：双向畅通；东向南,从新华北路到友谊天桥行驶缓慢。"
2,双向畅通,长堤路,2023-03-19 12:40:28,"长堤路：双向畅通；西向东,从白马井渔婆到北帝庙拥堵。"
1,双向畅通,龙华路,2023-03-19 12:40:28,龙华路：双向畅通。
1,双向畅通,人民大桥,2023-03-19 13:00:35,人民大桥：双向畅通。
1,双向畅通,人民大道,2023-03-19 13:00:35,人民大道：双向畅通。
3,自南向北畅通；自西向东拥堵,博爱北路,2023-03-19 13:00:36,"博爱北路：自南向北畅通；自西向东拥堵；西向东,长堤路附近严重拥堵；南向北,从解放东路到水巷口街拥堵。"
1,双向畅通,博爱南路,2023-03-19 13:00:36,博爱南路：双向畅通。
1,双向畅通,大同路,2023-03-19 13:00:36,大同路：双向畅通。
1,双向畅通,广场横路,2023-03-19 13:00:36,广场横路：双向畅通。
1,双向畅通,得胜沙北二街,2023-03-19 13:00:36,得胜沙北二街：双向畅通。
1,自西向东畅通,得胜沙路,2023-03-19 13:00:36,得胜沙路：自西向东畅通。
1,双向畅通,新华北路,2023-03-19 13:00:37,新华北路：双向畅通。
1,自北向南畅通,新华南路,2023-03-19 13:00:37,新华南路：自北向南畅通。
1,双向畅通,海富街,2023-03-19 13:00:37,海富街：双向畅通。
1,双向畅通,海甸一东路,2023-03-19 13:00:37,海甸一东路：双向畅通。
1,双向畅通,海甸一西路,2023-03-19 13:00:37,海甸一西路：双向畅通。
1,双向畅通,海甸东一街,2023-03-19 13:00:37,海甸东一街：双向畅通。
1,双向畅通,海甸二西路,2023-03-19 13:00:38,海甸二西路：双向畅通。
1,双向畅通,盐灶路,2023-03-19 13:00:38,盐灶路：双向畅通。
1,自西向东畅通,解放东路,2023-03-19 13:00:38,解放东路：自西向东畅通。
1,双向畅通,解放西路,2023-03-19 13:00:38,解放西路：双向畅通。
1,双向畅通,长堤路,2023-03-19 13:00:39,"长堤路：双向畅通；西向东,从博爱北路到长振街拥堵。"
1,双向畅通,龙华路,2023-03-19 13:00:39,龙华路：双向畅通。
1,双向畅通,人民大桥,2023-03-19 13:20:46,人民大桥：双向畅通。
1,双向畅通,人民大道,2023-03-19 13:20:46,人民大道：双向畅通。
2,自南向北畅通；自西向东轻微拥堵,博爱北路,2023-03-19 13:20:46,"博爱北路：自南向北畅通；自西向东轻微拥堵；西向东,长堤路附近行驶缓慢。"
1,双向畅通,博爱南路,2023-03-19 13:20:47,博爱南路：双向畅通。
1,双向畅通,大同路,2023-03-19 13:20:47,大同路：双向畅通。
1,双向畅通,广场横路,2023-03-19 13:20:47,广场横路：双向畅通。
1,双向畅通,得胜沙北二街,2023-03-19 13:20:47,得胜沙北二街：双向畅通。
1,自西向东畅通,得胜沙路,2023-03-19 13:20:47,得胜沙路：自西向东畅通。
1,双向畅通,新华北路,2023-03-19 13:20:47,新华北路：双向畅通。
1,自北向南畅通,新华南路,2023-03-19 13:20:48,新华南路：自北向南畅通。
1,双向畅通,海富街,2023-03-19 13:20:48,海富街：双向畅通。
1,双向畅通,海甸一东路,2023-03-19 13:20:48,海甸一东路：双向畅通。
1,双向畅通,海甸一西路,2023-03-19 13:20:48,海甸一西路：双向畅通。
1,双向畅通,海甸东一街,2023-03-19 13:20:48,海甸东一街：双向畅通。
1,双向畅通,海甸二西路,2023-03-19 13:20:49,海甸二西路：双向畅通。
1,双向畅通,盐灶路,2023-03-19 13:20:49,盐灶路：双向畅通。
1,自西向东畅通,解放东路,2023-03-19 13:20:49,解放东路：自西向东畅通。
1,双向畅通,解放西路,2023-03-19 13:20:49,解放西路：双向畅通。
2,自东向西畅通；自西向东轻微拥堵,长堤路,2023-03-19 13:20:50,"长堤路：自东向西畅通；自西向东轻微拥堵；西向东,博爱北路附近拥堵。"
1,双向畅通,龙华路,2023-03-19 13:20:50,龙华路：双向畅通。
1,双向畅通,人民大桥,2023-03-19 13:40:57,人民大桥：双向畅通。
1,双向畅通,人民大道,2023-03-19 13:40:57,人民大道：双向畅通。
2,双向畅通,博爱北路,2023-03-19 13:40:57,博爱北路：双向畅通。
1,双向畅通,博爱南路,2023-03-19 13:40:58,博爱南路：双向畅通。
2,自北向南畅通；自南向北轻微拥堵,大同路,2023-03-19 13:40:58,大同路：自北向南畅通；自南向北轻微拥堵。
1,双向畅通,广场横路,2023-03-19 13:40:58,广场横路：双向畅通。
1,双向畅通,得胜沙北二街,2023-03-19 13:40:58,得胜沙北二街：双向畅通。
1,自西向东畅通,得胜沙路,2023-03-19 13:40:58,得胜沙路：自西向东畅通。
1,双向畅通,新华北路,2023-03-19 13:40:58,新华北路：双向畅通。
1,自北向南畅通,新华南路,2023-03-19 13:40:59,新华南路：自北向南畅通。
1,双向畅通,海富街,2023-03-19 13:40:59,海富街：双向畅通。
1,双向畅通,海甸一东路,2023-03-19 13:40:59,海甸一东路：双向畅通。
1,双向畅通,海甸一西路,2023-03-19 13:40:59,海甸一西路：双向畅通。
1,双向畅通,海甸东一街,2023-03-19 13:40:59,海甸东一街：双向畅通。
1,双向畅通,海甸二西路,2023-03-19 13:40:59,海甸二西路：双向畅通。
1,双向畅通,盐灶路,2023-03-19 13:41:00,盐灶路：双向畅通。
1,自西向东畅通,解放东路,2023-03-19 13:41:00,解放东路：自西向东畅通。
1,双向畅通,解放西路,2023-03-19 13:41:00,解放西路：双向畅通。
1,双向畅通,长堤路,2023-03-19 13:41:00,"长堤路：双向畅通；西向东,博爱北路附近行驶缓慢。"
1,双向畅通,龙华路,2023-03-19 13:41:00,龙华路：双向畅通。
1,双向畅通,人民大桥,2023-03-19 14:01:08,人民大桥：双向畅通。
1,双向畅通,人民大道,2023-03-19 14:01:08,人民大道：双向畅通。
1,双向畅通,博爱北路,2023-03-19 14:01:08,博爱北路：双向畅通。
1,双向畅通,博爱南路,2023-03-19 14:01:08,博爱南路：双向畅通。
1,双向畅通,大同路,2023-03-19 14:01:08,大同路：双向畅通。
1,双向畅通,广场横路,2023-03-19 14:01:09,广场横路：双向畅通。
1,双向畅通,得胜沙北二街,2023-03-19 14:01:09,得胜沙北二街：双向畅通。
1,自西向东畅通,得胜沙路,2023-03-19 14:01:09,得胜沙路：自西向东畅通。
1,双向畅通,新华北路,2023-03-19 14:01:09,新华北路：双向畅通。
1,自北向南畅通,新华南路,2023-03-19 14:01:09,新华南路：自北向南畅通。
1,双向畅通,海富街,2023-03-19 14:01:09,海富街：双向畅通。
1,双向畅通,海甸一东路,2023-03-19 14:01:10,海甸一东路：双向畅通。
1,双向畅通,海甸一西路,2023-03-19 14:01:10,海甸一西路：双向畅通。
1,双向畅通,海甸东一街,2023-03-19 14:01:10,海甸东一街：双向畅通。
1,双向畅通,海甸二西路,2023-03-19 14:01:10,海甸二西路：双向畅通。
1,双向畅通,盐灶路,2023-03-19 14:01:10,盐灶路：双向畅通。
1,自西向东畅通,解放东路,2023-03-19 14:01:11,解放东路：自西向东畅通。
1,双向畅通,解放西路,2023-03-19 14:01:11,解放西路：双向畅通。
2,自东向西畅通；自西向东拥堵,长堤路,2023-03-19 14:01:11,"长堤路：自东向西畅通；自西向东拥堵；西向东,博爱北路附近拥堵。"
1,双向畅通,龙华路,2023-03-19 14:01:11,龙华路：双向畅通。
1,双向畅通,人民大桥,2023-03-19 14:21:18,人民大桥：双向畅通。
1,双向畅通,人民大道,2023-03-19 14:21:19,人民大道：双向畅通。
1,双向畅通,博爱北路,2023-03-19 14:21:19,博爱北路：双向畅通。
1,双向畅通,博爱南路,2023-03-19 14:21:19,"博爱南路：双向畅通；南向北,从中山纪念堂到博爱北路拥堵。"
1,双向畅通,大同路,2023-03-19 14:21:19,大同路：双向畅通。
1,双向畅通,广场横路,2023-03-19 14:21:19,广场横路：双向畅通。
1,双向畅通,得胜沙北二街,2023-03-19 14:21:20,得胜沙北二街：双向畅通。
1,自西向东畅通,得胜沙路,2023-03-19 14:21:20,得胜沙路：自西向东畅通。
1,双向畅通,新华北路,2023-03-19 14:21:20,新华北路：双向畅通。
1,自北向南畅通,新华南路,2023-03-19 14:21:20,新华南路：自北向南畅通。
1,双向畅通,海富街,2023-03-19 14:21:20,海富街：双向畅通。
1,双向畅通,海甸一东路,2023-03-19 14:21:21,海甸一东路：双向畅通。
1,双向畅通,海甸一西路,2023-03-19 14:21:21,海甸一西路：双向畅通。
1,双向畅通,海甸东一街,2023-03-19 14:21:22,海甸东一街：双向畅通。
1,双向畅通,海甸二西路,2023-03-19 14:21:22,海甸二西路：双向畅通。
1,双向畅通,盐灶路,2023-03-19 14:21:23,盐灶路：双向畅通。
1,自西向东畅通,解放东路,2023-03-19 14:21:23,解放东路：自西向东畅通。
1,双向畅通,解放西路,2023-03-19 14:21:24,解放西路：双向畅通。
1,双向畅通,长堤路,2023-03-19 14:21:24,长堤路：双向畅通。
1,双向畅通,龙华路,2023-03-19 14:21:24,"龙华路：双向畅通；南向北,从华海路到羊家迷你粽拥堵。"
1,双向畅通,人民大桥,2023-03-19 14:42:57,人民大桥：双向畅通。
1,双向畅通,人民大道,2023-03-19 14:42:57,人民大道：双向畅通。
1,双向畅通,博爱北路,2023-03-19 14:42:57,博爱北路：双向畅通。
1,双向畅通,博爱南路,2023-03-19 14:42:58,博爱南路：双向畅通。
1,双向畅通,大同路,2023-03-19 14:42:58,大同路：双向畅通。
1,双向畅通,广场横路,2023-03-19 14:42:58,广场横路：双向畅通。
1,双向畅通,得胜沙北二街,2023-03-19 14:42:58,得胜沙北二街：双向畅通。
1,自西向东畅通,得胜沙路,2023-03-19 14:42:58,得胜沙路：自西向东畅通。
1,双向畅通,新华北路,2023-03-19 14:42:59,新华北路：双向畅通。
1,自北向南畅通,新华南路,2023-03-19 14:42:59,新华南路：自北向南畅通。
1,双向畅通,海富街,2023-03-19 14:42:59,海富街：双向畅通。
1,双向畅通,海甸一东路,2023-03-19 14:42:59,海甸一东路：双向畅通。
1,双向畅通,海甸一西路,2023-03-19 14:42:59,海甸一西路：双向畅通。
1,双向畅通,海甸东一街,2023-03-19 14:43:00,海甸东一街：双向畅通。
1,双向畅通,海甸二西路,2023-03-19 14:43:00,海甸二西路：双向畅通。
1,双向畅通,盐灶路,2023-03-19 14:43:00,盐灶路：双向畅通。
1,自西向东畅通,解放东路,2023-03-19 14:43:00,解放东路：自西向东畅通。
2,自东向西轻微拥堵；自西向东畅通,解放西路,2023-03-19 14:43:01,"解放西路：自东向西轻微拥堵；自西向东畅通；东向南,友谊天桥附近严重拥堵。"
1,双向畅通,长堤路,2023-03-19 14:43:01,长堤路：双向畅通。
1,双向畅通,龙华路,2023-03-19 14:43:01,"龙华路：双向畅通；北向南,滨河路附近拥堵。"
1,双向畅通,人民大桥,2023-03-19 15:03:08,人民大桥：双向畅通。
1,双向畅通,人民大道,2023-03-19 15:03:09,人民大道：双向畅通。
2,自南向北畅通；自西向东轻微拥堵,博爱北路,2023-03-19 15:03:09,博爱北路：自南向北畅通；自西向东轻微拥堵。
1,双向畅通,博爱南路,2023-03-19 15:03:09,博爱南路：双向畅通。
1,双向畅通,大同路,2023-03-19 15:03:09,大同路：双向畅通。
1,双向畅通,广场横路,2023-03-19 15:03:10,广场横路：双向畅通。
1,双向畅通,得胜沙北二街,2023-03-19 15:03:10,得胜沙北二街：双向畅通。
1,自西向东畅通,得胜沙路,2023-03-19 15:03:10,得胜沙路：自西向东畅通。
1,双向畅通,新华北路,2023-03-19 15:03:10,新华北路：双向畅通。
1,自北向南畅通,新华南路,2023-03-19 15:03:10,新华南路：自北向南畅通。
1,双向畅通,海富街,2023-03-19 15:03:11,海富街：双向畅通。
1,双向畅通,海甸一东路,2023-03-19 15:03:11,海甸一东路：双向畅通。
1,双向畅通,海甸一西路,2023-03-19 15:03:11,海甸一西路：双向畅通。
1,双向畅通,海甸东一街,2023-03-19 15:03:11,海甸东一街：双向畅通。
1,双向畅通,海甸二西路,2023-03-19 15:03:12,海甸二西路：双向畅通。
1,双向畅通,盐灶路,2023-03-19 15:03:12,盐灶路：双向畅通。
1,自西向东畅通,解放东路,2023-03-19 15:03:12,解放东路：自西向东畅通。
2,双向畅通,解放西路,2023-03-19 15:03:12,"解放西路：双向畅通；西向东,从友谊天桥到解放东路拥堵。"
1,双向畅通,长堤路,2023-03-19 15:03:13,"长堤路：双向畅通；西向东,长振街附近拥堵。"
1,双向畅通,龙华路,2023-03-19 15:03:13,龙华路：双向畅通。
1,双向畅通,人民大桥,2023-03-19 15:23:20,人民大桥：双向畅通。
1,双向畅通,人民大道,2023-03-19 15:23:20,人民大道：双向畅通。
1,双向畅通,博爱北路,2023-03-19 15:23:21,博爱北路：双向畅通。
1,双向畅通,博爱南路,2023-03-19 15:23:21,博爱南路：双向畅通。
1,双向畅通,大同路,2023-03-19 15:23:21,大同路：双向畅通。
1,双向畅通,广场横路,2023-03-19 15:23:21,广场横路：双向畅通。
1,双向畅通,得胜沙北二街,2023-03-19 15:23:21,得胜沙北二街：双向畅通。
1,自西向东畅通,得胜沙路,2023-03-19 15:23:22,得胜沙路：自西向东畅通。
1,双向畅通,新华北路,2023-03-19 15:23:22,新华北路：双向畅通。
1,自北向南畅通,新华南路,2023-03-19 15:23:22,新华南路：自北向南畅通。
1,双向畅通,海富街,2023-03-19 15:23:22,海富街：双向畅通。
1,双向畅通,海甸一东路,2023-03-19 15:23:22,海甸一东路：双向畅通。
1,双向畅通,海甸一西路,2023-03-19 15:23:23,海甸一西路：双向畅通。
1,双向畅通,海甸东一街,2023-03-19 15:23:23,海甸东一街：双向畅通。
1,双向畅通,海甸二西路,2023-03-19 15:23:23,海甸二西路：双向畅通。
1,双向畅通,盐灶路,2023-03-19 15:23:23,盐灶路：双向畅通。
1,自西向东畅通,解放东路,2023-03-19 15:23:23,解放东路：自西向东畅通。
1,双向畅通,解放西路,2023-03-19 15:23:24,解放西路：双向畅通。
2,自东向西畅通；自西向东轻微拥堵,长堤路,2023-03-19 15:23:24,"长堤路：自东向西畅通；自西向东轻微拥堵；西向东,和平北路附近拥堵；西向东,从友谊天桥到白马井渔婆行驶缓慢。"
1,双向畅通,龙华路,2023-03-19 15:23:24,龙华路：双向畅通。
1,双向畅通,人民大桥,2023-03-19 15:43:32,人民大桥：双向畅通。
1,双向畅通,人民大道,2023-03-19 15:43:32,人民大道：双向畅通。
1,双向畅通,博爱北路,2023-03-19 15:43:32,博爱北路：双向畅通。
2,自北向南畅通；自南向北轻微拥堵,博爱南路,2023-03-19 15:43:32,"博爱南路：自北向南畅通；自南向北轻微拥堵；南向北,文明西路附近严重拥堵。"
1,双向畅通,大同路,2023-03-19 15:43:33,"大同路：双向畅通；北向南,华厦天桥附近拥堵。"
1,双向畅通,广场横路,2023-03-19 15:43:33,广场横路：双向畅通。
1,双向畅通,得胜沙北二街,2023-03-19 15:43:33,得胜沙北二街：双向畅通。
1,自西向东畅通,得胜沙路,2023-03-19 15:43:33,得胜沙路：自西向东畅通。
1,双向畅通,新华北路,2023-03-19 15:43:33,新华北路：双向畅通。
1,自北向南畅通,新华南路,2023-03-19 15:43:33,新华南路：自北向南畅通。
1,双向畅通,海富街,2023-03-19 15:43:34,海富街：双向畅通。
1,双向畅通,海甸一东路,2023-03-19 15:43:34,海甸一东路：双向畅通。
1,双向畅通,海甸一西路,2023-03-19 15:43:34,海甸一西路：双向畅通。
1,双向畅通,海甸东一街,2023-03-19 15:43:34,海甸东一街：双向畅通。
1,双向畅通,海甸二西路,2023-03-19 15:43:34,海甸二西路：双向畅通。
1,双向畅通,盐灶路,2023-03-19 15:43:35,"盐灶路：双向畅通；东向西,八灶路附近行驶缓慢。"
1,自西向东畅通,解放东路,2023-03-19 15:43:35,解放东路：自西向东畅通。
3,自东向西拥堵；自西向东畅通,解放西路,2023-03-19 15:43:35,"解放西路：自东向西拥堵；自西向东畅通；东向南,友谊天桥附近严重拥堵。"
2,自东向西畅通；自西向东拥堵,长堤路,2023-03-19 15:43:35,"长堤路：自东向西畅通；自西向东拥堵；西向东,从友谊天桥到白马井渔婆拥堵；西向东,和平北路附近拥堵；东向西,从白马井渔婆到人民大道行驶缓慢。"
1,双向畅通,龙华路,2023-03-19 15:43:36,"龙华路：双向畅通；西向北,从龙华路辅路路口到滨河路拥堵。"
1,双向畅通,人民大桥,2023-03-19 16:03:43,人民大桥：双向畅通。
1,双向畅通,人民大道,2023-03-19 16:03:43,人民大道：双向畅通。
1,双向畅通,博爱北路,2023-03-19 16:03:43,博爱北路：双向畅通。
1,双向畅通,博爱南路,2023-03-19 16:03:43,"博爱南路：双向畅通；南向北,文明西路附近拥堵。"
1,双向畅通,大同路,2023-03-19 16:03:44,大同路：双向畅通。
1,双向畅通,广场横路,2023-03-19 16:03:44,广场横路：双向畅通。
1,双向畅通,得胜沙北二街,2023-03-19 16:03:44,得胜沙北二街：双向畅通。
1,自西向东畅通,得胜沙路,2023-03-19 16:03:44,得胜沙路：自西向东畅通。
1,双向畅通,新华北路,2023-03-19 16:03:44,新华北路：双向畅通。
1,自北向南畅通,新华南路,2023-03-19 16:03:45,新华南路：自北向南畅通。
1,双向畅通,海富街,2023-03-19 16:03:45,海富街：双向畅通。
1,双向畅通,海甸一东路,2023-03-19 16:03:45,海甸一东路：双向畅通。
1,双向畅通,海甸一西路,2023-03-19 16:03:45,海甸一西路：双向畅通。
1,双向畅通,海甸东一街,2023-03-19 16:03:45,海甸东一街：双向畅通。
1,双向畅通,海甸二西路,2023-03-19 16:03:45,海甸二西路：双向畅通。
1,双向畅通,盐灶路,2023-03-19 16:03:46,盐灶路：双向畅通。
1,自西向东畅通,解放东路,2023-03-19 16:03:46,解放东路：自西向东畅通。
2,双向畅通,解放西路,2023-03-19 16:03:46,"解放西路：双向畅通；东向南,友谊天桥附近行驶缓慢。"
1,双向畅通,长堤路,2023-03-19 16:03:47,"长堤路：双向畅通；西向东,白马井渔婆附近行驶缓慢。"
1,双向畅通,龙华路,2023-03-19 16:03:47,龙华路：双向畅通。
1,双向畅通,人民大桥,2023-03-19 16:23:54,人民大桥：双向畅通。
1,双向畅通,人民大道,2023-03-19 16:23:54,人民大道：双向畅通。
1,双向畅通,博爱北路,2023-03-19 16:23:54,博爱北路：双向畅通。
1,双向畅通,博爱南路,2023-03-19 16:23:54,博爱南路：双向畅通。
1,双向畅通,大同路,2023-03-19 16:23:55,大同路：双向畅通。
1,双向畅通,广场横路,2023-03-19 16:23:55,广场横路：双向畅通。
2,双向畅通,得胜沙北二街,2023-03-19 16:23:55,得胜沙北二街：双向畅通。
1,自西向东畅通,得胜沙路,2023-03-19 16:23:55,得胜沙路：自西向东畅通。
1,双向畅通,新华北路,2023-03-19 16:23:55,新华北路：双向畅通。
1,自北向南畅通,新华南路,2023-03-19 16:23:56,新华南路：自北向南畅通。
1,双向畅通,海富街,2023-03-19 16:23:56,海富街：双向畅通。
1,双向畅通,海甸一东路,2023-03-19 16:23:56,海甸一东路：双向畅通。
1,双向畅通,海甸一西路,2023-03-19 16:23:56,海甸一西路：双向畅通。
2,双向畅通,海甸东一街,2023-03-19 16:23:56,海甸东一街：双向畅通。
1,双向畅通,海甸二西路,2023-03-19 16:23:56,海甸二西路：双向畅通。
1,双向畅通,盐灶路,2023-03-19 16:23:57,盐灶路：双向畅通。
1,自西向东畅通,解放东路,2023-03-19 16:23:57,解放东路：自西向东畅通。
2,双向畅通,解放西路,2023-03-19 16:23:57,"解放西路：双向畅通；西向东,从友谊天桥到解放东路拥堵；东向南,从新华北路到友谊天桥拥堵。"
1,双向畅通,长堤路,2023-03-19 16:23:58,"长堤路：双向畅通；西向东,白马井渔婆附近行驶缓慢；东向西,从白马井渔婆到人民大道行驶缓慢。"
1,双向畅通,龙华路,2023-03-19 16:23:58,龙华路：双向畅通。
2,自北向南轻微拥堵；自南向北畅通,人民大桥,2023-03-19 16:44:05,人民大桥：自北向南轻微拥堵；自南向北畅通。
1,双向畅通,人民大道,2023-03-19 16:44:05,人民大道：双向畅通。
1,双向畅通,博爱北路,2023-03-19 16:44:05,"博爱北路：双向畅通；西向东,长堤路附近行驶缓慢。"
1,双向畅通,博爱南路,2023-03-19 16:44:05,博爱南路：双向畅通。
1,双向畅通,大同路,2023-03-19 16:44:06,大同路：双向畅通。
1,双向畅通,广场横路,2023-03-19 16:44:06,广场横路：双向畅通。
1,双向畅通,得胜沙北二街,2023-03-19 16:44:06,得胜沙北二街：双向畅通。
1,自西向东畅通,得胜沙路,2023-03-19 16:44:06,得胜沙路：自西向东畅通。
2,双向畅通,新华北路,2023-03-19 16:44:06,新华北路：双向畅通。
1,自北向南畅通,新华南路,2023-03-19 16:44:07,新华南路：自北向南畅通。
1,双向畅通,海富街,2023-03-19 16:44:07,海富街：双向畅通。
1,双向畅通,海甸一东路,2023-03-19 16:44:07,海甸一东路：双向畅通。
1,双向畅通,海甸一西路,2023-03-19 16:44:07,海甸一西路：双向畅通。
1,双向畅通,海甸东一街,2023-03-19 16:44:07,海甸东一街：双向畅通。
1,双向畅通,海甸二西路,2023-03-19 16:44:08,海甸二西路：双向畅通。
1,双向畅通,盐灶路,2023-03-19 16:44:08,盐灶路：双向畅通。
1,自西向东畅通,解放东路,2023-03-19 16:44:08,解放东路：自西向东畅通。
1,双向畅通,解放西路,2023-03-19 16:44:08,"解放西路：双向畅通；东向南,从新华北路到友谊天桥严重拥堵。"
2,双向畅通,长堤路,2023-03-19 16:44:09,"长堤路：双向畅通；东向西,从白马井渔婆到人民大道行驶缓慢。"
1,双向畅通,龙华路,2023-03-19 16:44:09,龙华路：双向畅通。
1,双向畅通,人民大桥,2023-03-19 17:04:15,人民大桥：双向畅通。
1,双向畅通,人民大道,2023-03-19 17:04:16,人民大道：双向畅通。
1,双向畅通,博爱北路,2023-03-19 17:04:16,博爱北路：双向畅通。
1,双向畅通,博爱南路,2023-03-19 17:04:16,博爱南路：双向畅通。
1,双向畅通,大同路,2023-03-19 17:04:16,大同路：双向畅通。
1,双向畅通,广场横路,2023-03-19 17:04:16,广场横路：双向畅通。
1,双向畅通,得胜沙北二街,2023-03-19 17:04:17,得胜沙北二街：双向畅通。
1,自西向东畅通,得胜沙路,2023-03-19 17:04:17,得胜沙路：自西向东畅通。
2,自北向南畅通；自南向北轻微拥堵,新华北路,2023-03-19 17:04:17,新华北路：自北向南畅通；自南向北轻微拥堵。
1,自北向南畅通,新华南路,2023-03-19 17:04:17,新华南路：自北向南畅通。
1,双向畅通,海富街,2023-03-19 17:04:17,海富街：双向畅通。
1,双向畅通,海甸一东路,2023-03-19 17:04:17,海甸一东路：双向畅通。
1,双向畅通,海甸一西路,2023-03-19 17:04:18,海甸一西路：双向畅通。
1,双向畅通,海甸东一街,2023-03-19 17:04:18,海甸东一街：双向畅通。
1,双向畅通,海甸二西路,2023-03-19 17:04:18,海甸二西路：双向畅通。
1,双向畅通,盐灶路,2023-03-19 17:04:18,盐灶路：双向畅通。
1,自西向东畅通,解放东路,2023-03-19 17:04:18,解放东路：自西向东畅通。
2,自东向西轻微拥堵；自西向东畅通,解放西路,2023-03-19 17:04:19,"解放西路：自东向西轻微拥堵；自西向东畅通；东向南,从新华北路到友谊天桥拥堵。"
1,双向畅通,长堤路,2023-03-19 17:04:19,长堤路：双向畅通。
1,双向畅通,龙华路,2023-03-19 17:04:19,"龙华路：双向畅通；北向南,滨河路附近拥堵。"
1,双向畅通,人民大桥,2023-03-19 17:24:27,人民大桥：双向畅通。
1,双向畅通,人民大道,2023-03-19 17:24:27,人民大道：双向畅通。
1,双向畅通,博爱北路,2023-03-19 17:24:27,博爱北路：双向畅通。
1,双向畅通,博爱南路,2023-03-19 17:24:27,博爱南路：双向畅通。
1,双向畅通,大同路,2023-03-19 17:24:27,大同路：双向畅通。
1,双向畅通,广场横路,2023-03-19 17:24:28,广场横路：双向畅通。
1,双向畅通,得胜沙北二街,2023-03-19 17:24:28,得胜沙北二街：双向畅通。
1,自西向东畅通,得胜沙路,2023-03-19 17:24:28,得胜沙路：自西向东畅通。
1,双向畅通,新华北路,2023-03-19 17:24:28,新华北路：双向畅通。
1,自北向南畅通,新华南路,2023-03-19 17:24:28,新华南路：自北向南畅通。
1,双向畅通,海富街,2023-03-19 17:24:28,海富街：双向畅通。
1,双向畅通,海甸一东路,2023-03-19 17:24:29,海甸一东路：双向畅通。
1,双向畅通,海甸一西路,2023-03-19 17:24:29,海甸一西路：双向畅通。
1,双向畅通,海甸东一街,2023-03-19 17:24:29,海甸东一街：双向畅通。
1,双向畅通,海甸二西路,2023-03-19 17:24:29,海甸二西路：双向畅通。
1,双向畅通,盐灶路,2023-03-19 17:24:29,"盐灶路：双向畅通；西向东,八灶街附近行驶缓慢。"
1,自西向东畅通,解放东路,2023-03-19 17:24:29,解放东路：自西向东畅通。
2,自东向西轻微拥堵；自西向东畅通,解放西路,2023-03-19 17:24:30,"解放西路：自东向西轻微拥堵；自西向东畅通；西向东,解放东路附近拥堵；东向南,友谊天桥附近行驶缓慢。"
2,自东向西畅通；自西向东拥堵,长堤路,2023-03-19 17:24:30,"长堤路：自东向西畅通；自西向东拥堵；西向东,从友谊天桥到白马井渔婆拥堵。"
1,双向畅通,龙华路,2023-03-19 17:24:30,"龙华路：双向畅通；东向西,从羊家迷你粽到金龙路拥堵。"
1,双向畅通,人民大桥,2023-03-19 17:44:38,人民大桥：双向畅通。
1,双向畅通,人民大道,2023-03-19 17:44:38,"人民大道：双向畅通；北向南,海岸路附近行驶缓慢。"
1,双向畅通,博爱北路,2023-03-19 17:44:39,博爱北路：双向畅通。
1,双向畅通,博爱南路,2023-03-19 17:44:39,博爱南路：双向畅通。
1,双向畅通,大同路,2023-03-19 17:44:39,大同路：双向畅通。
1,双向畅通,广场横路,2023-03-19 17:44:39,广场横路：双向畅通。
1,双向畅通,得胜沙北二街,2023-03-19 17:44:39,得胜沙北二街：双向畅通。
1,自西向东畅通,得胜沙路,2023-03-19 17:44:39,得胜沙路：自西向东畅通。
1,双向畅通,新华北路,2023-03-19 17:44:40,"新华北路：双向畅通；北向南,从得胜沙路到解放东路拥堵。"
1,自北向南畅通,新华南路,2023-03-19 17:44:40,新华南路：自北向南畅通。
1,双向畅通,海富街,2023-03-19 17:44:40,海富街：双向畅通。
1,双向畅通,海甸一东路,2023-03-19 17:44:40,海甸一东路：双向畅通。
1,双向畅通,海甸一西路,2023-03-19 17:44:41,海甸一西路：双向畅通。
1,双向畅通,海甸东一街,2023-03-19 17:44:41,海甸东一街：双向畅通。
1,双向畅通,海甸二西路,2023-03-19 17:44:41,海甸二西路：双向畅通。
1,双向畅通,盐灶路,2023-03-19 17:44:41,盐灶路：双向畅通。
1,自西向东畅通,解放东路,2023-03-19 17:44:41,解放东路：自西向东畅通。
3,自东向西拥堵；自西向东畅通,解放西路,2023-03-19 17:44:42,"解放西路：自东向西拥堵；自西向东畅通；东向南,从新华北路到友谊天桥严重拥堵。"
1,双向畅通,长堤路,2023-03-19 17:44:42,"长堤路：双向畅通；西向东,长振街附近拥堵。"
1,双向畅通,龙华路,2023-03-19 17:44:42,"龙华路：双向畅通；西向东,龙昆北路附近行驶缓慢。"
1,双向畅通,人民大桥,2023-03-19 18:04:49,人民大桥：双向畅通。
1,双向畅通,人民大道,2023-03-19 18:04:49,人民大道：双向畅通。
1,双向畅通,博爱北路,2023-03-19 18:04:49,博爱北路：双向畅通。
2,自北向南畅通；自南向北轻微拥堵,博爱南路,2023-03-19 18:04:50,"博爱南路：自北向南畅通；自南向北轻微拥堵；南向北,文明西路附近严重拥堵。"
1,自北向南畅通；自南向北轻微拥堵,大同路,2023-03-19 18:04:50,"大同路：自北向南畅通；自南向北轻微拥堵；南向北,大同桥附近行驶缓慢。"
1,双向畅通,广场横路,2023-03-19 18:04:50,广场横路：双向畅通。
1,双向畅通,得胜沙北二街,2023-03-19 18:04:50,得胜沙北二街：双向畅通。
1,自西向东畅通,得胜沙路,2023-03-19 18:04:50,得胜沙路：自西向东畅通。
2,双向畅通,新华北路,2023-03-19 18:04:50,新华北路：双向畅通。
1,自北向南畅通,新华南路,2023-03-19 18:04:51,新华南路：自北向南畅通。
1,双向畅通,海富街,2023-03-19 18:04:51,海富街：双向畅通。
1,双向畅通,海甸一东路,2023-03-19 18:04:51,海甸一东路：双向畅通。
1,双向畅通,海甸一西路,2023-03-19 18:04:51,海甸一西路：双向畅通。
1,双向畅通,海甸东一街,2023-03-19 18:04:51,海甸东一街：双向畅通。
1,双向畅通,海甸二西路,2023-03-19 18:04:51,海甸二西路：双向畅通。
1,双向畅通,盐灶路,2023-03-19 18:04:52,盐灶路：双向畅通。
1,自西向东畅通,解放东路,2023-03-19 18:04:52,解放东路：自西向东畅通。
1,双向畅通,解放西路,2023-03-19 18:04:52,"解放西路：双向畅通；东向西,从新华北路到友谊天桥拥堵。"
2,自东向西拥堵；自西向东畅通,长堤路,2023-03-19 18:04:53,"长堤路：自东向西拥堵；自西向东畅通；西向东,长振街附近拥堵；东向西,从和平北路到白马井渔婆行驶缓慢。"
1,双向畅通,龙华路,2023-03-19 18:04:53,"龙华路：双向畅通；北向南,从玉河天桥到滨河路拥堵。"
1,双向畅通,人民大桥,2023-03-19 18:24:59,人民大桥：双向畅通。
1,双向畅通,人民大道,2023-03-19 18:25:00,"人民大道：双向畅通；北向南,从人民大道辅路路口到人民天桥行驶缓慢。"
1,双向畅通,博爱北路,2023-03-19 18:25:00,博爱北路：双向畅通。
2,双向畅通,博爱南路,2023-03-19 18:25:00,"博爱南路：双向畅通；南向北,文明西路附近拥堵。"
1,双向畅通,大同路,2023-03-19 18:25:00,大同路：双向畅通。
1,双向畅通,广场横路,2023-03-19 18:25:00,广场横路：双向畅通。
1,双向畅通,得胜沙北二街,2023-03-19 18:25:01,得胜沙北二街：双向畅通。
1,自西向东畅通,得胜沙路,2023-03-19 18:25:01,得胜沙路：自西向东畅通。
1,双向畅通,新华北路,2023-03-19 18:25:01,新华北路：双向畅通。
1,自北向南畅通,新华南路,2023-03-19 18:25:01,新华南路：自北向南畅通。
2,双向畅通,海富街,2023-03-19 18:25:01,海富街：双向畅通。
1,双向畅通,海甸一东路,2023-03-19 18:25:01,海甸一东路：双向畅通。
1,双向畅通,海甸一西路,2023-03-19 18:25:02,海甸一西路：双向畅通。
1,双向畅通,海甸东一街,2023-03-19 18:25:02,海甸东一街：双向畅通。
1,双向畅通,海甸二西路,2023-03-19 18:25:02,"海甸二西路：双向畅通；北向南,人民天桥附近行驶缓慢。"
1,双向畅通,盐灶路,2023-03-19 18:25:02,盐灶路：双向畅通。
1,自西向东畅通,解放东路,2023-03-19 18:25:02,解放东路：自西向东畅通。
2,双向畅通,解放西路,2023-03-19 18:25:02,解放西路：双向畅通。
2,自东向西畅通；自西向东轻微拥堵,长堤路,2023-03-19 18:25:03,"长堤路：自东向西畅通；自西向东轻微拥堵；西向东,从友谊天桥到白马井渔婆拥堵；东向西,从和平北路到白马井渔婆行驶缓慢。"
1,双向畅通,人民大桥,2023-03-19 20:55:53,人民大桥：双向畅通。
1,双向畅通,人民大道,2023-03-19 20:55:53,人民大道：双向畅通。
1,双向畅通,博爱北路,2023-03-19 20:55:53,博爱北路：双向畅通。
1,双向畅通,博爱南路,2023-03-19 20:55:53,博爱南路：双向畅通。
1,双向畅通,大同路,2023-03-19 20:55:54,大同路：双向畅通。
1,双向畅通,广场横路,2023-03-19 20:55:54,广场横路：双向畅通。
1,双向畅通,得胜沙北二街,2023-03-19 20:55:54,得胜沙北二街：双向畅通。
1,自西向东畅通,得胜沙路,2023-03-19 20:55:54,得胜沙路：自西向东畅通。
1,双向畅通,新华北路,2023-03-19 20:55:54,新华北路：双向畅通。
1,自北向南畅通,新华南路,2023-03-19 20:55:55,新华南路：自北向南畅通。
1,双向畅通,海富街,2023-03-19 20:55:55,"海富街：双向畅通；北向南,从海甸三西路辅路到海甸二西路行驶缓慢。"
1,双向畅通,海甸一东路,2023-03-19 20:55:55,"海甸一东路：双向畅通；西向东,从海彤路到海甸东三街拥堵。"
1,双向畅通,海甸一西路,2023-03-19 20:55:55,海甸一西路：双向畅通。
1,双向畅通,海甸东一街,2023-03-19 20:55:55,海甸东一街：双向畅通。
1,双向畅通,海甸二西路,2023-03-19 20:55:55,海甸二西路：双向畅通。
1,双向畅通,盐灶路,2023-03-19 20:55:55,盐灶路：双向畅通。
1,自西向东畅通,解放东路,2023-03-19 20:55:56,解放东路：自西向东畅通。
1,双向畅通,解放西路,2023-03-19 20:55:56,解放西路：双向畅通。
1,双向畅通,长堤路,2023-03-19 20:55:56,长堤路：双向畅通。
1,双向畅通,龙华路,2023-03-19 20:55:56,龙华路：双向畅通。
1,双向畅通,人民大桥,2023-03-19 21:16:02,人民大桥：双向畅通。
1,双向畅通,人民大道,2023-03-19 21:16:02,人民大道：双向畅通。
1,双向畅通,博爱北路,2023-03-19 21:16:02,博爱北路：双向畅通。
2,双向畅通,博爱南路,2023-03-19 21:16:03,博爱南路：双向畅通。
1,双向畅通,大同路,2023-03-19 21:16:03,大同路：双向畅通。
1,双向畅通,广场横路,2023-03-19 21:16:03,广场横路：双向畅通。
1,双向畅通,得胜沙北二街,2023-03-19 21:16:03,得胜沙北二街：双向畅通。
1,自西向东畅通,得胜沙路,2023-03-19 21:16:03,得胜沙路：自西向东畅通。
1,双向畅通,新华北路,2023-03-19 21:16:03,新华北路：双向畅通。
1,自北向南畅通,新华南路,2023-03-19 21:16:04,新华南路：自北向南畅通。
1,双向畅通,海富街,2023-03-19 21:16:04,海富街：双向畅通。
1,双向畅通,海甸一东路,2023-03-19 21:16:04,海甸一东路：双向畅通。
1,双向畅通,海甸一西路,2023-03-19 21:16:04,海甸一西路：双向畅通。
1,双向畅通,海甸东一街,2023-03-19 21:16:04,海甸东一街：双向畅通。
1,双向畅通,海甸二西路,2023-03-19 21:16:04,海甸二西路：双向畅通。
1,双向畅通,盐灶路,2023-03-19 21:16:05,盐灶路：双向畅通。
1,自西向东畅通,解放东路,2023-03-19 21:16:05,解放东路：自西向东畅通。
1,双向畅通,解放西路,2023-03-19 21:16:05,解放西路：双向畅通。
1,双向畅通,长堤路,2023-03-19 21:16:05,长堤路：双向畅通。
1,双向畅通,龙华路,2023-03-19 21:16:05,龙华路：双向畅通。
1,双向畅通,人民大桥,2023-03-19 21:36:13,人民大桥：双向畅通。
1,双向畅通,人民大道,2023-03-19 21:36:13,人民大道：双向畅通。
1,双向畅通,博爱北路,2023-03-19 21:36:14,博爱北路：双向畅通。
1,双向畅通,博爱南路,2023-03-19 21:36:14,博爱南路：双向畅通。
1,双向畅通,大同路,2023-03-19 21:36:14,大同路：双向畅通。
1,双向畅通,广场横路,2023-03-19 21:36:14,广场横路：双向畅通。
1,双向畅通,得胜沙北二街,2023-03-19 21:36:14,得胜沙北二街：双向畅通。
1,自西向东畅通,得胜沙路,2023-03-19 21:36:15,得胜沙路：自西向东畅通。
1,双向畅通,新华北路,2023-03-19 21:36:15,新华北路：双向畅通。
1,自北向南畅通,新华南路,2023-03-19 21:36:15,新华南路：自北向南畅通。
1,双向畅通,海富街,2023-03-19 21:36:15,海富街：双向畅通。
1,双向畅通,海甸一东路,2023-03-19 21:36:16,海甸一东路：双向畅通。
1,双向畅通,海甸一西路,2023-03-19 21:36:16,"海甸一西路：双向畅通；北向东,碧海大道附近拥堵。"
1,双向畅通,海甸东一街,2023-03-19 21:36:16,海甸东一街：双向畅通。
1,双向畅通,海甸二西路,2023-03-19 21:36:16,海甸二西路：双向畅通。
1,双向畅通,盐灶路,2023-03-19 21:36:17,盐灶路：双向畅通。
1,自西向东畅通,解放东路,2023-03-19 21:36:17,解放东路：自西向东畅通。
1,双向畅通,解放西路,2023-03-19 21:36:17,解放西路：双向畅通。
3,自东向西畅通；自西向东严重拥堵,长堤路,2023-03-19 21:36:17,"长堤路：自东向西畅通；自西向东严重拥堵；西向东,和平北路附近严重拥堵；东向西,从白马井渔婆到人民大道严重拥堵。"
1,双向畅通,龙华路,2023-03-19 21:36:18,龙华路：双向畅通。
1,双向畅通,人民大桥,2023-03-19 21:56:26,人民大桥：双向畅通。
1,双向畅通,人民大道,2023-03-19 21:56:26,人民大道：双向畅通。
1,双向畅通,博爱北路,2023-03-19 21:56:27,博爱北路：双向畅通。
1,双向畅通,博爱南路,2023-03-19 21:56:27,博爱南路：双向畅通。
1,双向畅通,大同路,2023-03-19 21:56:27,大同路：双向畅通。
1,双向畅通,广场横路,2023-03-19 21:56:27,广场横路：双向畅通。
1,双向畅通,得胜沙北二街,2023-03-19 21:56:27,得胜沙北二街：双向畅通。
1,自西向东畅通,得胜沙路,2023-03-19 21:56:27,得胜沙路：自西向东畅通。
1,双向畅通,新华北路,2023-03-19 21:56:28,新华北路：双向畅通。
1,自北向南畅通,新华南路,2023-03-19 21:56:28,新华南路：自北向南畅通。
1,双向畅通,海富街,2023-03-19 21:56:28,海富街：双向畅通。
1,双向畅通,海甸一东路,2023-03-19 21:56:28,海甸一东路：双向畅通。
1,双向畅通,海甸一西路,2023-03-19 21:56:28,海甸一西路：双向畅通。
1,双向畅通,海甸东一街,2023-03-19 21:56:29,海甸东一街：双向畅通。
1,双向畅通,海甸二西路,2023-03-19 21:56:29,海甸二西路：双向畅通。
1,双向畅通,盐灶路,2023-03-19 21:56:29,盐灶路：双向畅通。
1,自西向东畅通,解放东路,2023-03-19 21:56:29,解放东路：自西向东畅通。
1,双向畅通,解放西路,2023-03-19 21:56:29,解放西路：双向畅通。
3,自东向西畅通；自西向东严重拥堵,长堤路,2023-03-19 21:56:30,"长堤路：自东向西畅通；自西向东严重拥堵；西向东,和平北路附近严重拥堵。"
1,双向畅通,龙华路,2023-03-19 21:56:30,"龙华路：双向畅通；西向东,羊家迷你粽附近行驶缓慢。"
1,双向畅通,人民大桥,2023-03-19 22:16:37,人民大桥：双向畅通。
1,双向畅通,人民大道,2023-03-19 22:16:37,人民大道：双向畅通。
1,双向畅通,博爱北路,2023-03-19 22:16:37,博爱北路：双向畅通。
1,双向畅通,博爱南路,2023-03-19 22:16:37,博爱南路：双向畅通。
1,双向畅通,大同路,2023-03-19 22:16:37,大同路：双向畅通。
1,双向畅通,广场横路,2023-03-19 22:16:37,广场横路：双向畅通。
1,双向畅通,得胜沙北二街,2023-03-19 22:16:38,得胜沙北二街：双向畅通。
1,自西向东畅通,得胜沙路,2023-03-19 22:16:38,得胜沙路：自西向东畅通。
1,双向畅通,新华北路,2023-03-19 22:16:38,新华北路：双向畅通。
1,自北向南畅通,新华南路,2023-03-19 22:16:38,新华南路：自北向南畅通。
1,双向畅通,海富街,2023-03-19 22:16:38,海富街：双向畅通。
1,双向畅通,海甸一东路,2023-03-19 22:16:38,"海甸一东路：双向畅通；东向西,从海甸东二街到海达路行驶缓慢。"
1,双向畅通,海甸一西路,2023-03-19 22:16:39,海甸一西路：双向畅通。
1,双向畅通,海甸东一街,2023-03-19 22:16:39,海甸东一街：双向畅通。
1,双向畅通,海甸二西路,2023-03-19 22:16:39,海甸二西路：双向畅通。
1,双向畅通,盐灶路,2023-03-19 22:16:39,盐灶路：双向畅通。
1,自西向东畅通,解放东路,2023-03-19 22:16:39,解放东路：自西向东畅通。
1,双向畅通,解放西路,2023-03-19 22:16:39,解放西路：双向畅通。
1,双向畅通,长堤路,2023-03-19 22:16:40,"长堤路：双向畅通；西向东,和平北路附近严重拥堵。"
1,双向畅通,龙华路,2023-03-19 22:16:40,龙华路：双向畅通。
1,双向畅通,人民大桥,2023-03-19 22:36:48,人民大桥：双向畅通。
1,双向畅通,人民大道,2023-03-19 22:36:48,"人民大道：双向畅通；南向北,从白沙门路到人民大道辅路路口行驶缓慢。"
1,双向畅通,博爱北路,2023-03-19 22:36:48,博爱北路：双向畅通。
1,双向畅通,博爱南路,2023-03-19 22:36:48,博爱南路：双向畅通。
1,双向畅通,大同路,2023-03-19 22:36:48,大同路：双向畅通。
1,双向畅通,广场横路,2023-03-19 22:36:49,广场横路：双向畅通。
1,双向畅通,得胜沙北二街,2023-03-19 22:36:49,得胜沙北二街：双向畅通。
1,自西向东畅通,得胜沙路,2023-03-19 22:36:49,得胜沙路：自西向东畅通。
1,双向畅通,新华北路,2023-03-19 22:36:49,新华北路：双向畅通。
1,自北向南畅通,新华南路,2023-03-19 22:36:49,新华南路：自北向南畅通。
1,双向畅通,海富街,2023-03-19 22:36:49,海富街：双向畅通。
1,双向畅通,海甸一东路,2023-03-19 22:36:49,海甸一东路：双向畅通。
1,双向畅通,海甸一西路,2023-03-19 22:36:50,海甸一西路：双向畅通。
1,双向畅通,海甸东一街,2023-03-19 22:36:50,海甸东一街：双向畅通。
1,双向畅通,海甸二西路,2023-03-19 22:36:50,海甸二西路：双向畅通。
1,双向畅通,盐灶路,2023-03-19 22:36:50,盐灶路：双向畅通。
1,自西向东畅通,解放东路,2023-03-19 22:36:50,解放东路：自西向东畅通。
1,双向畅通,解放西路,2023-03-19 22:36:51,解放西路：双向畅通。
1,双向畅通,长堤路,2023-03-19 22:36:51,长堤路：双向畅通。
1,双向畅通,龙华路,2023-03-19 22:36:51,龙华路：双向畅通。
1,双向畅通,人民大桥,2023-03-19 22:56:58,人民大桥：双向畅通。
1,双向畅通,人民大道,2023-03-19 22:56:58,人民大道：双向畅通。
1,双向畅通,博爱北路,2023-03-19 22:56:58,博爱北路：双向畅通。
1,双向畅通,博爱南路,2023-03-19 22:56:58,博爱南路：双向畅通。
1,双向畅通,大同路,2023-03-19 22:56:59,大同路：双向畅通。
1,双向畅通,广场横路,2023-03-19 22:56:59,广场横路：双向畅通。
1,双向畅通,得胜沙北二街,2023-03-19 22:56:59,得胜沙北二街：双向畅通。
1,自西向东畅通,得胜沙路,2023-03-19 22:56:59,得胜沙路：自西向东畅通。
1,双向畅通,新华北路,2023-03-19 22:56:59,新华北路：双向畅通。
1,自北向南畅通,新华南路,2023-03-19 22:56:59,新华南路：自北向南畅通。
2,自北向南轻微拥堵；自南向北畅通,海富街,2023-03-19 22:57:00,海富街：自北向南轻微拥堵；自南向北畅通。
1,双向畅通,海甸一东路,2023-03-19 22:57:00,海甸一东路：双向畅通。
1,双向畅通,海甸一西路,2023-03-19 22:57:00,海甸一西路：双向畅通。
1,双向畅通,海甸东一街,2023-03-19 22:57:00,海甸东一街：双向畅通。
1,双向畅通,海甸二西路,2023-03-19 22:57:01,海甸二西路：双向畅通。
1,双向畅通,盐灶路,2023-03-19 22:57:01,盐灶路：双向畅通。
1,自西向东畅通,解放东路,2023-03-19 22:57:01,解放东路：自西向东畅通。
1,双向畅通,解放西路,2023-03-19 22:57:01,解放西路：双向畅通。
1,双向畅通,长堤路,2023-03-19 22:57:01,长堤路：双向畅通。
1,双向畅通,龙华路,2023-03-19 22:57:02,龙华路：双向畅通。
1,双向畅通,人民大桥,2023-03-19 23:17:08,人民大桥：双向畅通。
1,双向畅通,人民大道,2023-03-19 23:17:08,人民大道：双向畅通。
1,双向畅通,博爱北路,2023-03-19 23:17:08,博爱北路：双向畅通。
1,双向畅通,博爱南路,2023-03-19 23:17:08,博爱南路：双向畅通。
1,双向畅通,大同路,2023-03-19 23:17:09,大同路：双向畅通。
1,双向畅通,广场横路,2023-03-19 23:17:09,广场横路：双向畅通。
1,双向畅通,得胜沙北二街,2023-03-19 23:17:09,得胜沙北二街：双向畅通。
1,自西向东畅通,得胜沙路,2023-03-19 23:17:09,得胜沙路：自西向东畅通。
1,双向畅通,新华北路,2023-03-19 23:17:09,新华北路：双向畅通。
1,自北向南畅通,新华南路,2023-03-19 23:17:09,新华南路：自北向南畅通。
1,双向畅通,海富街,2023-03-19 23:17:10,海富街：双向畅通。
1,双向畅通,海甸一东路,2023-03-19 23:17:10,海甸一东路：双向畅通。
1,双向畅通,海甸一西路,2023-03-19 23:17:10,海甸一西路：双向畅通。
1,双向畅通,海甸东一街,2023-03-19 23:17:10,海甸东一街：双向畅通。
1,双向畅通,海甸二西路,2023-03-19 23:17:10,海甸二西路：双向畅通。
1,双向畅通,盐灶路,2023-03-19 23:17:10,盐灶路：双向畅通。
1,自西向东畅通,解放东路,2023-03-19 23:17:11,解放东路：自西向东畅通。
1,双向畅通,解放西路,2023-03-19 23:17:11,解放西路：双向畅通。
1,双向畅通,长堤路,2023-03-19 23:17:11,长堤路：双向畅通。
1,双向畅通,龙华路,2023-03-19 23:17:11,龙华路：双向畅通。
1,双向畅通,人民大桥,2023-03-19 23:37:17,人民大桥：双向畅通。
1,双向畅通,人民大道,2023-03-19 23:37:17,人民大道：双向畅通。
1,双向畅通,博爱北路,2023-03-19 23:37:17,博爱北路：双向畅通。
1,双向畅通,博爱南路,2023-03-19 23:37:17,博爱南路：双向畅通。
1,双向畅通,大同路,2023-03-19 23:37:18,大同路：双向畅通。
1,双向畅通,广场横路,2023-03-19 23:37:18,广场横路：双向畅通。
1,双向畅通,得胜沙北二街,2023-03-19 23:37:18,得胜沙北二街：双向畅通。
1,自西向东畅通,得胜沙路,2023-03-19 23:37:18,得胜沙路：自西向东畅通。
1,双向畅通,新华北路,2023-03-19 23:37:18,新华北路：双向畅通。
1,自北向南畅通,新华南路,2023-03-19 23:37:19,新华南路：自北向南畅通。
1,双向畅通,海富街,2023-03-19 23:37:19,海富街：双向畅通。
1,双向畅通,海甸一东路,2023-03-19 23:37:19,海甸一东路：双向畅通。
1,双向畅通,海甸一西路,2023-03-19 23:37:19,海甸一西路：双向畅通。
1,双向畅通,海甸东一街,2023-03-19 23:37:19,海甸东一街：双向畅通。
1,双向畅通,海甸二西路,2023-03-19 23:37:19,海甸二西路：双向畅通。
1,双向畅通,盐灶路,2023-03-19 23:37:19,盐灶路：双向畅通。
1,自西向东畅通,解放东路,2023-03-19 23:37:20,解放东路：自西向东畅通。
1,双向畅通,解放西路,2023-03-19 23:37:20,解放西路：双向畅通。
1,双向畅通,长堤路,2023-03-19 23:37:20,长堤路：双向畅通。
1,双向畅通,龙华路,2023-03-19 23:37:20,龙华路：双向畅通。
1,双向畅通,人民大桥,2023-03-19 23:57:26,人民大桥：双向畅通。
1,双向畅通,人民大道,2023-03-19 23:57:26,人民大道：双向畅通。
1,双向畅通,博爱北路,2023-03-19 23:57:26,博爱北路：双向畅通。
1,双向畅通,博爱南路,2023-03-19 23:57:27,博爱南路：双向畅通。
1,双向畅通,大同路,2023-03-19 23:57:27,大同路：双向畅通。
1,双向畅通,广场横路,2023-03-19 23:57:27,广场横路：双向畅通。
1,双向畅通,得胜沙北二街,2023-03-19 23:57:27,得胜沙北二街：双向畅通。
1,自西向东畅通,得胜沙路,2023-03-19 23:57:27,得胜沙路：自西向东畅通。
1,双向畅通,新华北路,2023-03-19 23:57:28,新华北路：双向畅通。
1,自北向南畅通,新华南路,2023-03-19 23:57:28,新华南路：自北向南畅通。
1,双向畅通,海富街,2023-03-19 23:57:28,海富街：双向畅通。
1,双向畅通,海甸一东路,2023-03-19 23:57:28,海甸一东路：双向畅通。
1,双向畅通,海甸一西路,2023-03-19 23:57:28,海甸一西路：双向畅通。
1,双向畅通,海甸东一街,2023-03-19 23:57:28,海甸东一街：双向畅通。
1,双向畅通,海甸二西路,2023-03-19 23:57:29,海甸二西路：双向畅通。
1,双向畅通,盐灶路,2023-03-19 23:57:29,盐灶路：双向畅通。
1,自西向东畅通,解放东路,2023-03-19 23:57:29,解放东路：自西向东畅通。
1,双向畅通,解放西路,2023-03-19 23:57:29,解放西路：双向畅通。
1,双向畅通,长堤路,2023-03-19 23:57:29,长堤路：双向畅通。
1,双向畅通,龙华路,2023-03-19 23:57:29,龙华路：双向畅通。
1,双向畅通,人民大桥,2023-03-20 11:11:40,人民大桥：双向畅通。
1,双向畅通,人民大道,2023-03-20 11:11:40,人民大道：双向畅通。
1,双向畅通,博爱北路,2023-03-20 11:11:41,博爱北路：双向畅通。
1,双向畅通,博爱南路,2023-03-20 11:11:41,博爱南路：双向畅通。
1,双向畅通,大同路,2023-03-20 11:11:41,大同路：双向畅通。
1,双向畅通,广场横路,2023-03-20 11:11:41,广场横路：双向畅通。
1,双向畅通,得胜沙北二街,2023-03-20 11:11:41,得胜沙北二街：双向畅通。
1,自西向东畅通,得胜沙路,2023-03-20 11:11:42,得胜沙路：自西向东畅通。
1,双向畅通,新华北路,2023-03-20 11:11:42,新华北路：双向畅通。
1,自北向南畅通,新华南路,2023-03-20 11:11:42,新华南路：自北向南畅通。
1,双向畅通,海富街,2023-03-20 11:11:42,海富街：双向畅通。
1,双向畅通,海甸一东路,2023-03-20 11:11:42,海甸一东路：双向畅通。
1,双向畅通,海甸一西路,2023-03-20 11:11:42,海甸一西路：双向畅通。
1,双向畅通,海甸东一街,2023-03-20 11:11:42,海甸东一街：双向畅通。
1,双向畅通,海甸二西路,2023-03-20 11:11:43,海甸二西路：双向畅通。
1,双向畅通,盐灶路,2023-03-20 11:11:43,盐灶路：双向畅通。
1,自西向东畅通,解放东路,2023-03-20 11:11:43,解放东路：自西向东畅通。
1,双向畅通,解放西路,2023-03-20 11:11:43,解放西路：双向畅通。
1,双向畅通,长堤路,2023-03-20 11:11:43,长堤路：双向畅通。
1,双向畅通,龙华路,2023-03-20 11:11:43,"龙华路：双向畅通；西向北,从龙华路辅路路口到滨河路拥堵。"
1,双向畅通,人民大桥,2023-03-20 11:31:50,人民大桥：双向畅通。
1,双向畅通,人民大道,2023-03-20 11:31:50,人民大道：双向畅通。
1,双向畅通,博爱北路,2023-03-20 11:31:50,博爱北路：双向畅通。
1,双向畅通,博爱南路,2023-03-20 11:31:50,博爱南路：双向畅通。
1,双向畅通,大同路,2023-03-20 11:31:50,大同路：双向畅通。
1,双向畅通,广场横路,2023-03-20 11:31:51,广场横路：双向畅通。
1,双向畅通,得胜沙北二街,2023-03-20 11:31:51,得胜沙北二街：双向畅通。
1,自西向东畅通,得胜沙路,2023-03-20 11:31:51,得胜沙路：自西向东畅通。
1,双向畅通,新华北路,2023-03-20 11:31:51,新华北路：双向畅通。
1,自北向南畅通,新华南路,2023-03-20 11:31:51,新华南路：自北向南畅通。
1,双向畅通,海富街,2023-03-20 11:31:52,海富街：双向畅通。
1,双向畅通,海甸一东路,2023-03-20 11:31:52,海甸一东路：双向畅通。
1,双向畅通,海甸一西路,2023-03-20 11:31:52,海甸一西路：双向畅通。
1,双向畅通,海甸东一街,2023-03-20 11:31:52,海甸东一街：双向畅通。
1,双向畅通,海甸二西路,2023-03-20 11:31:53,海甸二西路：双向畅通。
1,双向畅通,盐灶路,2023-03-20 11:31:53,盐灶路：双向畅通。
1,自西向东畅通,解放东路,2023-03-20 11:31:53,解放东路：自西向东畅通。
1,双向畅通,解放西路,2023-03-20 11:31:53,解放西路：双向畅通。
1,双向畅通,长堤路,2023-03-20 11:31:53,长堤路：双向畅通。
1,双向畅通,龙华路,2023-03-20 11:31:54,"龙华路：双向畅通；北向西,龙昆北路附近拥堵；西向北,从龙昆北路到玉河天桥拥堵。"
1,双向畅通,人民大桥,2023-03-20 11:52:00,人民大桥：双向畅通。
1,双向畅通,人民大道,2023-03-20 11:52:00,人民大道：双向畅通。
1,双向畅通,博爱北路,2023-03-20 11:52:00,博爱北路：双向畅通。
1,双向畅通,博爱南路,2023-03-20 11:52:00,博爱南路：双向畅通。
1,双向畅通,大同路,2023-03-20 11:52:01,大同路：双向畅通。
1,双向畅通,广场横路,2023-03-20 11:52:01,广场横路：双向畅通。
1,双向畅通,得胜沙北二街,2023-03-20 11:52:01,得胜沙北二街：双向畅通。
1,自西向东畅通,得胜沙路,2023-03-20 11:52:01,得胜沙路：自西向东畅通。
1,双向畅通,新华北路,2023-03-20 11:52:01,新华北路：双向畅通。
1,自北向南畅通,新华南路,2023-03-20 11:52:02,新华南路：自北向南畅通。
1,双向畅通,海富街,2023-03-20 11:52:02,海富街：双向畅通。
1,双向畅通,海甸一东路,2023-03-20 11:52:02,海甸一东路：双向畅通。
1,双向畅通,海甸一西路,2023-03-20 11:52:02,海甸一西路：双向畅通。
1,双向畅通,海甸东一街,2023-03-20 11:52:02,海甸东一街：双向畅通。
1,双向畅通,海甸二西路,2023-03-20 11:52:02,海甸二西路：双向畅通。
1,双向畅通,盐灶路,2023-03-20 11:52:02,盐灶路：双向畅通。
1,自西向东畅通,解放东路,2023-03-20 11:52:03,解放东路：自西向东畅通。
1,双向畅通,解放西路,2023-03-20 11:52:03,解放西路：双向畅通。
1,双向畅通,长堤路,2023-03-20 11:52:03,"长堤路：双向畅通；西向东,新华北路附近行驶缓慢。"
2,自北向南畅通；自南向北轻微拥堵,龙华路,2023-03-20 11:52:03,"龙华路：自北向南畅通；自南向北轻微拥堵；西向北,从龙华路辅路路口到滨河路严重拥堵。"
1,双向畅通,人民大桥,2023-03-20 12:12:09,人民大桥：双向畅通。
1,双向畅通,人民大道,2023-03-20 12:12:10,人民大道：双向畅通。
1,自南向北轻微拥堵；自西向东畅通,博爱北路,2023-03-20 12:12:10,博爱北路：自南向北轻微拥堵；自西向东畅通。
1,双向畅通,博爱南路,2023-03-20 12:12:10,博爱南路：双向畅通。
1,双向畅通,大同路,2023-03-20 12:12:10,大同路：双向畅通。
1,双向畅通,广场横路,2023-03-20 12:12:10,广场横路：双向畅通。
1,双向畅通,得胜沙北二街,2023-03-20 12:12:10,得胜沙北二街：双向畅通。
1,自西向东畅通,得胜沙路,2023-03-20 12:12:11,得胜沙路：自西向东畅通。
1,双向畅通,新华北路,2023-03-20 12:12:11,新华北路：双向畅通。
1,自北向南畅通,新华南路,2023-03-20 12:12:11,新华南路：自北向南畅通。
1,双向畅通,海富街,2023-03-20 12:12:11,海富街：双向畅通。
1,双向畅通,海甸一东路,2023-03-20 12:12:11,海甸一东路：双向畅通。
1,双向畅通,海甸一西路,2023-03-20 12:12:12,海甸一西路：双向畅通。
1,双向畅通,海甸东一街,2023-03-20 12:12:12,海甸东一街：双向畅通。
1,双向畅通,海甸二西路,2023-03-20 12:12:12,海甸二西路：双向畅通。
1,双向畅通,盐灶路,2023-03-20 12:12:12,盐灶路：双向畅通。
1,自西向东畅通,解放东路,2023-03-20 12:12:12,解放东路：自西向东畅通。
1,双向畅通,解放西路,2023-03-20 12:12:12,解放西路：双向畅通。
1,双向畅通,长堤路,2023-03-20 12:12:13,长堤路：双向畅通。
1,双向畅通,龙华路,2023-03-20 12:12:13,"龙华路：双向畅通；西向北,从龙华路辅路路口到玉河天桥拥堵；东向西,从龙华路辅路路口到龙昆北路拥堵。"
1,双向畅通,人民大桥,2023-03-20 12:32:20,人民大桥：双向畅通。
1,双向畅通,人民大道,2023-03-20 12:32:20,人民大道：双向畅通。
2,自南向北轻微拥堵；自西向东畅通,博爱北路,2023-03-20 12:32:20,博爱北路：自南向北轻微拥堵；自西向东畅通。
2,双向畅通,博爱南路,2023-03-20 12:32:20,博爱南路：双向畅通。
1,双向畅通,大同路,2023-03-20 12:32:21,大同路：双向畅通。
1,双向畅通,广场横路,2023-03-20 12:32:21,广场横路：双向畅通。
1,双向畅通,得胜沙北二街,2023-03-20 12:32:21,得胜沙北二街：双向畅通。
1,自西向东畅通,得胜沙路,2023-03-20 12:32:21,得胜沙路：自西向东畅通。
1,双向畅通,新华北路,2023-03-20 12:32:21,新华北路：双向畅通。
1,自北向南畅通,新华南路,2023-03-20 12:32:21,新华南路：自北向南畅通。
1,双向畅通,海富街,2023-03-20 12:32:22,海富街：双向畅通。
1,双向畅通,海甸一东路,2023-03-20 12:32:22,海甸一东路：双向畅通。
1,双向畅通,海甸一西路,2023-03-20 12:32:22,海甸一西路：双向畅通。
1,双向畅通,海甸东一街,2023-03-20 12:32:22,海甸东一街：双向畅通。
1,双向畅通,海甸二西路,2023-03-20 12:32:22,海甸二西路：双向畅通。
1,双向畅通,盐灶路,2023-03-20 12:32:23,盐灶路：双向畅通。
1,自西向东畅通,解放东路,2023-03-20 12:32:23,解放东路：自西向东畅通。
1,双向畅通,解放西路,2023-03-20 12:32:23,解放西路：双向畅通。
1,双向畅通,长堤路,2023-03-20 12:32:23,长堤路：双向畅通。
1,双向畅通,龙华路,2023-03-20 12:32:23,龙华路：双向畅通。
1,双向畅通,人民大桥,2023-03-20 12:52:30,人民大桥：双向畅通。
1,双向畅通,人民大道,2023-03-20 12:52:31,人民大道：双向畅通。
1,双向畅通,博爱北路,2023-03-20 12:52:31,博爱北路：双向畅通。
1,双向畅通,博爱南路,2023-03-20 12:52:31,博爱南路：双向畅通。
1,双向畅通,大同路,2023-03-20 12:52:31,大同路：双向畅通。
1,双向畅通,广场横路,2023-03-20 12:52:31,广场横路：双向畅通。
1,双向畅通,得胜沙北二街,2023-03-20 12:52:31,得胜沙北二街：双向畅通。
1,自西向东畅通,得胜沙路,2023-03-20 12:52:32,得胜沙路：自西向东畅通。
1,自北向南畅通；自南向北拥堵,新华北路,2023-03-20 12:52:32,新华北路：自北向南畅通；自南向北拥堵。
1,自北向南畅通,新华南路,2023-03-20 12:52:32,新华南路：自北向南畅通。
1,双向畅通,海富街,2023-03-20 12:52:32,海富街：双向畅通。
1,双向畅通,海甸一东路,2023-03-20 12:52:32,海甸一东路：双向畅通。
1,双向畅通,海甸一西路,2023-03-20 12:52:32,海甸一西路：双向畅通。
1,双向畅通,海甸东一街,2023-03-20 12:52:33,海甸东一街：双向畅通。
1,双向畅通,海甸二西路,2023-03-20 12:52:33,海甸二西路：双向畅通。
1,双向畅通,盐灶路,2023-03-20 12:52:33,盐灶路：双向畅通。
1,自西向东畅通,解放东路,2023-03-20 12:52:33,解放东路：自西向东畅通。
1,双向畅通,解放西路,2023-03-20 12:52:34,解放西路：双向畅通。
1,双向畅通,长堤路,2023-03-20 12:52:34,长堤路：双向畅通。
1,双向畅通,龙华路,2023-03-20 12:52:34,"龙华路：双向畅通；东向西,龙昆北路附近拥堵；南向北,从龙华路辅路路口到滨河路拥堵。"
1,双向畅通,人民大桥,2023-03-20 13:12:40,人民大桥：双向畅通。
1,双向畅通,人民大道,2023-03-20 13:12:40,人民大道：双向畅通。
1,双向畅通,博爱北路,2023-03-20 13:12:41,博爱北路：双向畅通。
1,双向畅通,博爱南路,2023-03-20 13:12:41,博爱南路：双向畅通。
1,双向畅通,大同路,2023-03-20 13:12:41,大同路：双向畅通。
1,双向畅通,广场横路,2023-03-20 13:12:41,广场横路：双向畅通。
1,双向畅通,得胜沙北二街,2023-03-20 13:12:41,得胜沙北二街：双向畅通。
1,自西向东畅通,得胜沙路,2023-03-20 13:12:42,得胜沙路：自西向东畅通。
1,双向畅通,新华北路,2023-03-20 13:12:42,新华北路：双向畅通。
1,自北向南畅通,新华南路,2023-03-20 13:12:42,新华南路：自北向南畅通。
1,双向畅通,海富街,2023-03-20 13:12:42,海富街：双向畅通。
1,双向畅通,海甸一东路,2023-03-20 13:12:42,海甸一东路：双向畅通。
1,双向畅通,海甸一西路,2023-03-20 13:12:43,海甸一西路：双向畅通。
1,双向畅通,海甸东一街,2023-03-20 13:12:43,海甸东一街：双向畅通。
1,双向畅通,海甸二西路,2023-03-20 13:12:43,海甸二西路：双向畅通。
1,双向畅通,盐灶路,2023-03-20 13:12:43,盐灶路：双向畅通。
1,自西向东畅通,解放东路,2023-03-20 13:12:43,解放东路：自西向东畅通。
1,双向畅通,解放西路,2023-03-20 13:12:44,解放西路：双向畅通。
1,双向畅通,长堤路,2023-03-20 13:12:44,长堤路：双向畅通。
1,双向畅通,龙华路,2023-03-20 13:12:44,龙华路：双向畅通。
1,双向畅通,人民大桥,2023-03-20 13:32:50,人民大桥：双向畅通。
1,双向畅通,人民大道,2023-03-20 13:32:50,人民大道：双向畅通。
1,双向畅通,博爱北路,2023-03-20 13:32:51,"博爱北路：双向畅通；西向东,长堤路附近行驶缓慢。"
1,双向畅通,博爱南路,2023-03-20 13:32:51,博爱南路：双向畅通。
1,双向畅通,大同路,2023-03-20 13:32:51,大同路：双向畅通。
1,双向畅通,广场横路,2023-03-20 13:32:51,广场横路：双向畅通。
1,双向畅通,得胜沙北二街,2023-03-20 13:32:52,得胜沙北二街：双向畅通。
1,自西向东畅通,得胜沙路,2023-03-20 13:32:52,得胜沙路：自西向东畅通。
1,双向畅通,新华北路,2023-03-20 13:32:52,新华北路：双向畅通。
1,自北向南畅通,新华南路,2023-03-20 13:32:52,新华南路：自北向南畅通。
1,双向畅通,海富街,2023-03-20 13:32:52,海富街：双向畅通。
1,双向畅通,海甸一东路,2023-03-20 13:32:52,海甸一东路：双向畅通。
1,双向畅通,海甸一西路,2023-03-20 13:32:53,海甸一西路：双向畅通。
1,双向畅通,海甸东一街,2023-03-20 13:32:53,海甸东一街：双向畅通。
1,双向畅通,海甸二西路,2023-03-20 13:32:53,海甸二西路：双向畅通。
1,双向畅通,盐灶路,2023-03-20 13:32:53,盐灶路：双向畅通。
1,自西向东畅通,解放东路,2023-03-20 13:32:53,解放东路：自西向东畅通。
1,双向畅通,解放西路,2023-03-20 13:32:53,解放西路：双向畅通。
1,双向畅通,长堤路,2023-03-20 13:32:53,长堤路：双向畅通。
1,双向畅通,龙华路,2023-03-20 13:32:54,龙华路：双向畅通。
1,双向畅通,人民大桥,2023-03-20 13:53:00,人民大桥：双向畅通。
1,双向畅通,人民大道,2023-03-20 13:53:00,人民大道：双向畅通。
1,双向畅通,博爱北路,2023-03-20 13:53:00,博爱北路：双向畅通。
1,双向畅通,博爱南路,2023-03-20 13:53:00,博爱南路：双向畅通。
1,双向畅通,大同路,2023-03-20 13:53:00,大同路：双向畅通。
1,双向畅通,广场横路,2023-03-20 13:53:01,广场横路：双向畅通。
1,双向畅通,得胜沙北二街,2023-03-20 13:53:01,得胜沙北二街：双向畅通。
1,自西向东畅通,得胜沙路,2023-03-20 13:53:01,得胜沙路：自西向东畅通。
1,双向畅通,新华北路,2023-03-20 13:53:01,新华北路：双向畅通。
1,自北向南畅通,新华南路,2023-03-20 13:53:01,新华南路：自北向南畅通。
1,双向畅通,海富街,2023-03-20 13:53:02,海富街：双向畅通。
1,双向畅通,海甸一东路,2023-03-20 13:53:02,海甸一东路：双向畅通。
1,双向畅通,海甸一西路,2023-03-20 13:53:02,海甸一西路：双向畅通。
1,双向畅通,海甸东一街,2023-03-20 13:53:02,海甸东一街：双向畅通。
1,双向畅通,海甸二西路,2023-03-20 13:53:02,海甸二西路：双向畅通。
1,双向畅通,盐灶路,2023-03-20 13:53:02,盐灶路：双向畅通。
1,自西向东畅通,解放东路,2023-03-20 13:53:02,解放东路：自西向东畅通。
1,双向畅通,解放西路,2023-03-20 13:53:03,解放西路：双向畅通。
1,双向畅通,长堤路,2023-03-20 13:53:03,长堤路：双向畅通。
1,双向畅通,龙华路,2023-03-20 13:53:03,龙华路：双向畅通。
1,双向畅通,人民大桥,2023-03-20 14:13:09,人民大桥：双向畅通。
1,双向畅通,人民大道,2023-03-20 14:13:10,人民大道：双向畅通。
1,双向畅通,博爱北路,2023-03-20 14:13:10,博爱北路：双向畅通。
1,双向畅通,博爱南路,2023-03-20 14:13:10,博爱南路：双向畅通。
1,双向畅通,大同路,2023-03-20 14:13:10,大同路：双向畅通。
1,双向畅通,广场横路,2023-03-20 14:13:10,广场横路：双向畅通。
1,双向畅通,得胜沙北二街,2023-03-20 14:13:11,得胜沙北二街：双向畅通。
1,自西向东畅通,得胜沙路,2023-03-20 14:13:11,得胜沙路：自西向东畅通。
1,双向畅通,新华北路,2023-03-20 14:13:11,新华北路：双向畅通。
1,自北向南畅通,新华南路,2023-03-20 14:13:11,新华南路：自北向南畅通。
1,双向畅通,海富街,2023-03-20 14:13:11,海富街：双向畅通。
1,双向畅通,海甸一东路,2023-03-20 14:13:11,海甸一东路：双向畅通。
1,双向畅通,海甸一西路,2023-03-20 14:13:12,海甸一西路：双向畅通。
1,双向畅通,海甸东一街,2023-03-20 14:13:12,海甸东一街：双向畅通。
1,双向畅通,海甸二西路,2023-03-20 14:13:12,海甸二西路：双向畅通。
1,双向畅通,盐灶路,2023-03-20 14:13:12,盐灶路：双向畅通。
1,自西向东畅通,解放东路,2023-03-20 14:13:12,解放东路：自西向东畅通。
1,双向畅通,解放西路,2023-03-20 14:13:12,解放西路：双向畅通。
1,双向畅通,长堤路,2023-03-20 14:13:13,长堤路：双向畅通。
1,双向畅通,龙华路,2023-03-20 14:13:13,龙华路：双向畅通。
1,双向畅通,人民大桥,2023-03-20 14:33:18,人民大桥：双向畅通。
1,双向畅通,人民大道,2023-03-20 14:33:19,人民大道：双向畅通。
1,双向畅通,博爱北路,2023-03-20 14:33:19,博爱北路：双向畅通。
1,双向畅通,博爱南路,2023-03-20 14:33:19,博爱南路：双向畅通。
1,双向畅通,大同路,2023-03-20 14:33:19,大同路：双向畅通。
1,双向畅通,广场横路,2023-03-20 14:33:19,广场横路：双向畅通。
1,双向畅通,得胜沙北二街,2023-03-20 14:33:20,得胜沙北二街：双向畅通。
1,自西向东畅通,得胜沙路,2023-03-20 14:33:20,得胜沙路：自西向东畅通。
1,双向畅通,新华北路,2023-03-20 14:33:20,新华北路：双向畅通。
1,自北向南畅通,新华南路,2023-03-20 14:33:20,新华南路：自北向南畅通。
1,双向畅通,海富街,2023-03-20 14:33:20,海富街：双向畅通。
1,双向畅通,海甸一东路,2023-03-20 14:33:20,海甸一东路：双向畅通。
1,双向畅通,海甸一西路,2023-03-20 14:33:21,海甸一西路：双向畅通。
1,双向畅通,海甸东一街,2023-03-20 14:33:21,海甸东一街：双向畅通。
1,双向畅通,海甸二西路,2023-03-20 14:33:21,海甸二西路：双向畅通。
1,双向畅通,盐灶路,2023-03-20 14:33:21,盐灶路：双向畅通。
1,自西向东畅通,解放东路,2023-03-20 14:33:21,解放东路：自西向东畅通。
1,双向畅通,解放西路,2023-03-20 14:33:22,"解放西路：双向畅通；东向南,从新华北路到友谊天桥严重拥堵。"
1,双向畅通,长堤路,2023-03-20 14:33:22,长堤路：双向畅通。
1,双向畅通,龙华路,2023-03-20 14:33:22,龙华路：双向畅通。
1,双向畅通,人民大桥,2023-03-20 14:53:29,人民大桥：双向畅通。
1,双向畅通,人民大道,2023-03-20 14:53:29,人民大道：双向畅通。
2,自南向北畅通；自西向东轻微拥堵,博爱北路,2023-03-20 14:53:29,"博爱北路：自南向北畅通；自西向东轻微拥堵；西向东,长堤路附近行驶缓慢。"
1,双向畅通,博爱南路,2023-03-20 14:53:29,博爱南路：双向畅通。
1,双向畅通,大同路,2023-03-20 14:53:30,大同路：双向畅通。
1,双向畅通,广场横路,2023-03-20 14:53:30,广场横路：双向畅通。
1,双向畅通,得胜沙北二街,2023-03-20 14:53:30,得胜沙北二街：双向畅通。
1,自西向东畅通,得胜沙路,2023-03-20 14:53:30,得胜沙路：自西向东畅通。
1,双向畅通,新华北路,2023-03-20 14:53:30,新华北路：双向畅通。
1,自北向南畅通,新华南路,2023-03-20 14:53:31,新华南路：自北向南畅通。
1,双向畅通,海富街,2023-03-20 14:53:31,海富街：双向畅通。
1,双向畅通,海甸一东路,2023-03-20 14:53:31,海甸一东路：双向畅通。
1,双向畅通,海甸一西路,2023-03-20 14:53:31,海甸一西路：双向畅通。
1,双向畅通,海甸东一街,2023-03-20 14:53:31,海甸东一街：双向畅通。
1,双向畅通,海甸二西路,2023-03-20 14:53:31,海甸二西路：双向畅通。
1,双向畅通,盐灶路,2023-03-20 14:53:32,盐灶路：双向畅通。
1,自西向东畅通,解放东路,2023-03-20 14:53:32,解放东路：自西向东畅通。
1,双向畅通,解放西路,2023-03-20 14:53:32,解放西路：双向畅通。
1,双向畅通,长堤路,2023-03-20 14:53:32,长堤路：双向畅通。
1,双向畅通,龙华路,2023-03-20 14:53:32,"龙华路：双向畅通；西向北,滨河路附近拥堵。"
1,双向畅通,人民大桥,2023-03-20 15:13:38,人民大桥：双向畅通。
1,双向畅通,人民大道,2023-03-20 15:13:39,人民大道：双向畅通。
1,双向畅通,博爱北路,2023-03-20 15:13:39,博爱北路：双向畅通。
1,双向畅通,博爱南路,2023-03-20 15:13:39,博爱南路：双向畅通。
1,双向畅通,大同路,2023-03-20 15:13:39,大同路：双向畅通。
1,双向畅通,广场横路,2023-03-20 15:13:39,广场横路：双向畅通。
1,双向畅通,得胜沙北二街,2023-03-20 15:13:39,得胜沙北二街：双向畅通。
1,自西向东畅通,得胜沙路,2023-03-20 15:13:40,得胜沙路：自西向东畅通。
1,双向畅通,新华北路,2023-03-20 15:13:40,新华北路：双向畅通。
1,自北向南畅通,新华南路,2023-03-20 15:13:40,新华南路：自北向南畅通。
1,双向畅通,海富街,2023-03-20 15:13:40,海富街：双向畅通。
1,双向畅通,海甸一东路,2023-03-20 15:13:40,海甸一东路：双向畅通。
1,双向畅通,海甸一西路,2023-03-20 15:13:40,海甸一西路：双向畅通。
1,双向畅通,海甸东一街,2023-03-20 15:13:41,海甸东一街：双向畅通。
1,双向畅通,海甸二西路,2023-03-20 15:13:41,海甸二西路：双向畅通。
1,双向畅通,盐灶路,2023-03-20 15:13:41,盐灶路：双向畅通。
1,自西向东畅通,解放东路,2023-03-20 15:13:41,解放东路：自西向东畅通。
1,双向畅通,解放西路,2023-03-20 15:13:41,解放西路：双向畅通。
1,双向畅通,长堤路,2023-03-20 15:13:42,长堤路：双向畅通。
1,双向畅通,龙华路,2023-03-20 15:13:42,"龙华路：双向畅通；北向南,盐灶路附近行驶缓慢。"
1,双向畅通,人民大桥,2023-03-20 15:33:49,人民大桥：双向畅通。
1,双向畅通,人民大道,2023-03-20 15:33:49,人民大道：双向畅通。
2,双向畅通,博爱北路,2023-03-20 15:33:49,博爱北路：双向畅通。
1,双向畅通,博爱南路,2023-03-20 15:33:49,博爱南路：双向畅通。
1,双向畅通,大同路,2023-03-20 15:33:49,大同路：双向畅通。
1,双向畅通,广场横路,2023-03-20 15:33:50,广场横路：双向畅通。
1,双向畅通,得胜沙北二街,2023-03-20 15:33:50,得胜沙北二街：双向畅通。
1,自西向东畅通,得胜沙路,2023-03-20 15:33:50,得胜沙路：自西向东畅通。
1,双向畅通,新华北路,2023-03-20 15:33:50,新华北路：双向畅通。
1,自北向南畅通,新华南路,2023-03-20 15:33:50,新华南路：自北向南畅通。
1,双向畅通,海富街,2023-03-20 15:33:50,海富街：双向畅通。
1,双向畅通,海甸一东路,2023-03-20 15:33:51,海甸一东路：双向畅通。
1,双向畅通,海甸一西路,2023-03-20 15:33:51,海甸一西路：双向畅通。
1,双向畅通,海甸东一街,2023-03-20 15:33:51,海甸东一街：双向畅通。
1,双向畅通,海甸二西路,2023-03-20 15:33:51,海甸二西路：双向畅通。
1,双向畅通,盐灶路,2023-03-20 15:33:51,盐灶路：双向畅通。
1,自西向东畅通,解放东路,2023-03-20 15:33:51,解放东路：自西向东畅通。
1,双向畅通,解放西路,2023-03-20 15:33:52,解放西路：双向畅通。
1,双向畅通,长堤路,2023-03-20 15:33:52,长堤路：双向畅通。
1,双向畅通,龙华路,2023-03-20 15:33:52,"龙华路：双向畅通；南向北,从龙华路辅路路口到滨河路拥堵。"
1,双向畅通,人民大桥,2023-03-20 15:53:58,人民大桥：双向畅通。
1,双向畅通,人民大道,2023-03-20 15:53:59,人民大道：双向畅通。
1,双向畅通,博爱北路,2023-03-20 15:53:59,博爱北路：双向畅通。
1,双向畅通,博爱南路,2023-03-20 15:53:59,博爱南路：双向畅通。
1,双向畅通,大同路,2023-03-20 15:53:59,大同路：双向畅通。
1,双向畅通,广场横路,2023-03-20 15:53:59,广场横路：双向畅通。
1,双向畅通,得胜沙北二街,2023-03-20 15:53:59,得胜沙北二街：双向畅通。
1,自西向东畅通,得胜沙路,2023-03-20 15:54:00,得胜沙路：自西向东畅通。
1,双向畅通,新华北路,2023-03-20 15:54:00,新华北路：双向畅通。
1,自北向南畅通,新华南路,2023-03-20 15:54:00,新华南路：自北向南畅通。
1,双向畅通,海富街,2023-03-20 15:54:00,海富街：双向畅通。
1,双向畅通,海甸一东路,2023-03-20 15:54:00,海甸一东路：双向畅通。
1,双向畅通,海甸一西路,2023-03-20 15:54:01,海甸一西路：双向畅通。
1,双向畅通,海甸东一街,2023-03-20 15:54:01,海甸东一街：双向畅通。
1,双向畅通,海甸二西路,2023-03-20 15:54:01,海甸二西路：双向畅通。
1,双向畅通,盐灶路,2023-03-20 15:54:01,盐灶路：双向畅通。
1,自西向东畅通,解放东路,2023-03-20 15:54:01,解放东路：自西向东畅通。
1,双向畅通,解放西路,2023-03-20 15:54:01,解放西路：双向畅通。
1,双向畅通,长堤路,2023-03-20 15:54:02,长堤路：双向畅通。
1,双向畅通,龙华路,2023-03-20 15:54:02,龙华路：双向畅通。
1,双向畅通,人民大桥,2023-03-20 16:14:09,人民大桥：双向畅通。
1,双向畅通,人民大道,2023-03-20 16:14:09,人民大道：双向畅通。
1,双向畅通,博爱北路,2023-03-20 16:14:09,博爱北路：双向畅通。
1,双向畅通,博爱南路,2023-03-20 16:14:10,博爱南路：双向畅通。
1,双向畅通,大同路,2023-03-20 16:14:10,大同路：双向畅通。
1,双向畅通,广场横路,2023-03-20 16:14:10,广场横路：双向畅通。
1,双向畅通,得胜沙北二街,2023-03-20 16:14:10,得胜沙北二街：双向畅通。
1,自西向东畅通,得胜沙路,2023-03-20 16:14:10,得胜沙路：自西向东畅通。
1,双向畅通,新华北路,2023-03-20 16:14:10,新华北路：双向畅通。
1,自北向南畅通,新华南路,2023-03-20 16:14:11,新华南路：自北向南畅通。
1,双向畅通,海富街,2023-03-20 16:14:11,海富街：双向畅通。
1,双向畅通,海甸一东路,2023-03-20 16:14:11,海甸一东路：双向畅通。
1,双向畅通,海甸一西路,2023-03-20 16:14:11,海甸一西路：双向畅通。
1,双向畅通,海甸东一街,2023-03-20 16:14:11,海甸东一街：双向畅通。
1,双向畅通,海甸二西路,2023-03-20 16:14:11,海甸二西路：双向畅通。
1,双向畅通,盐灶路,2023-03-20 16:14:12,盐灶路：双向畅通。
1,自西向东畅通,解放东路,2023-03-20 16:14:12,解放东路：自西向东畅通。
1,双向畅通,解放西路,2023-03-20 16:14:12,解放西路：双向畅通。
1,双向畅通,长堤路,2023-03-20 16:14:12,长堤路：双向畅通。
1,双向畅通,龙华路,2023-03-20 16:14:12,龙华路：双向畅通。
1,双向畅通,人民大桥,2023-03-20 16:34:18,人民大桥：双向畅通。
1,双向畅通,人民大道,2023-03-20 16:34:18,人民大道：双向畅通。
1,双向畅通,博爱北路,2023-03-20 16:34:19,博爱北路：双向畅通。
1,双向畅通,博爱南路,2023-03-20 16:34:19,博爱南路：双向畅通。
1,双向畅通,大同路,2023-03-20 16:34:19,大同路：双向畅通。
1,双向畅通,广场横路,2023-03-20 16:34:19,广场横路：双向畅通。
1,双向畅通,得胜沙北二街,2023-03-20 16:34:19,得胜沙北二街：双向畅通。
1,自西向东畅通,得胜沙路,2023-03-20 16:34:19,得胜沙路：自西向东畅通。
1,双向畅通,新华北路,2023-03-20 16:34:19,新华北路：双向畅通。
1,自北向南畅通,新华南路,2023-03-20 16:34:20,新华南路：自北向南畅通。
1,双向畅通,海富街,2023-03-20 16:34:20,海富街：双向畅通。
1,双向畅通,海甸一东路,2023-03-20 16:34:20,海甸一东路：双向畅通。
1,双向畅通,海甸一西路,2023-03-20 16:34:20,海甸一西路：双向畅通。
1,双向畅通,海甸东一街,2023-03-20 16:34:20,海甸东一街：双向畅通。
1,双向畅通,海甸二西路,2023-03-20 16:34:21,海甸二西路：双向畅通。
1,双向畅通,盐灶路,2023-03-20 16:34:21,盐灶路：双向畅通。
1,自西向东畅通,解放东路,2023-03-20 16:34:21,解放东路：自西向东畅通。
3,自东向西拥堵；自西向东畅通,解放西路,2023-03-20 16:34:21,"解放西路：自东向西拥堵；自西向东畅通；东向南,友谊天桥附近严重拥堵。"
1,双向畅通,长堤路,2023-03-20 16:34:22,长堤路：双向畅通。
1,双向畅通,龙华路,2023-03-20 16:34:22,"龙华路：双向畅通；东向西,龙昆北路附近拥堵。"
1,双向畅通,人民大桥,2023-03-20 16:54:29,人民大桥：双向畅通。
1,双向畅通,人民大道,2023-03-20 16:54:30,人民大道：双向畅通。
2,双向畅通,博爱北路,2023-03-20 16:54:30,博爱北路：双向畅通。
1,双向畅通,博爱南路,2023-03-20 16:54:30,博爱南路：双向畅通。
1,双向畅通,大同路,2023-03-20 16:54:31,大同路：双向畅通。
1,双向畅通,广场横路,2023-03-20 16:54:31,广场横路：双向畅通。
1,双向畅通,得胜沙北二街,2023-03-20 16:54:31,得胜沙北二街：双向畅通。
1,自西向东畅通,得胜沙路,2023-03-20 16:54:32,得胜沙路：自西向东畅通。
1,双向畅通,新华北路,2023-03-20 16:54:32,新华北路：双向畅通。
1,自北向南畅通,新华南路,2023-03-20 16:54:32,新华南路：自北向南畅通。
1,双向畅通,海富街,2023-03-20 16:54:32,海富街：双向畅通。
1,双向畅通,海甸一东路,2023-03-20 16:54:32,海甸一东路：双向畅通。
1,双向畅通,海甸一西路,2023-03-20 16:54:33,海甸一西路：双向畅通。
1,双向畅通,海甸东一街,2023-03-20 16:54:33,海甸东一街：双向畅通。
1,双向畅通,海甸二西路,2023-03-20 16:54:33,海甸二西路：双向畅通。
1,双向畅通,盐灶路,2023-03-20 16:54:33,盐灶路：双向畅通。
1,自西向东畅通,解放东路,2023-03-20 16:54:33,解放东路：自西向东畅通。
2,自东向西轻微拥堵；自西向东畅通,解放西路,2023-03-20 16:54:34,解放西路：自东向西轻微拥堵；自西向东畅通。
1,双向畅通,长堤路,2023-03-20 16:54:34,长堤路：双向畅通。
1,双向畅通,龙华路,2023-03-20 16:54:34,龙华路：双向畅通。
1,双向畅通,人民大桥,2023-03-20 17:14:42,人民大桥：双向畅通。
1,双向畅通,人民大道,2023-03-20 17:14:42,人民大道：双向畅通。
1,双向畅通,博爱北路,2023-03-20 17:14:42,博爱北路：双向畅通。
1,双向畅通,博爱南路,2023-03-20 17:14:42,博爱南路：双向畅通。
1,自北向南畅通；自南向北轻微拥堵,大同路,2023-03-20 17:14:42,大同路：自北向南畅通；自南向北轻微拥堵。
1,双向畅通,广场横路,2023-03-20 17:14:42,广场横路：双向畅通。
2,双向畅通,得胜沙北二街,2023-03-20 17:14:43,得胜沙北二街：双向畅通。
1,自西向东畅通,得胜沙路,2023-03-20 17:14:43,得胜沙路：自西向东畅通。
1,双向畅通,新华北路,2023-03-20 17:14:43,新华北路：双向畅通。
1,自北向南畅通,新华南路,2023-03-20 17:14:43,新华南路：自北向南畅通。
1,双向畅通,海富街,2023-03-20 17:14:43,海富街：双向畅通。
1,双向畅通,海甸一东路,2023-03-20 17:14:43,海甸一东路：双向畅通。
1,双向畅通,海甸一西路,2023-03-20 17:14:44,海甸一西路：双向畅通。
1,双向畅通,海甸东一街,2023-03-20 17:14:44,海甸东一街：双向畅通。
1,双向畅通,海甸二西路,2023-03-20 17:14:44,海甸二西路：双向畅通。
1,双向畅通,盐灶路,2023-03-20 17:14:44,盐灶路：双向畅通。
1,自西向东畅通,解放东路,2023-03-20 17:14:44,解放东路：自西向东畅通。
2,双向畅通,解放西路,2023-03-20 17:14:45,解放西路：双向畅通。
1,双向畅通,长堤路,2023-03-20 17:14:45,长堤路：双向畅通。
1,双向畅通,龙华路,2023-03-20 17:14:45,"龙华路：双向畅通；东向西,从龙华路辅路路口到龙昆北路严重拥堵；西向北,玉河天桥附近拥堵。"
1,双向畅通,人民大桥,2023-03-20 17:34:51,人民大桥：双向畅通。
2,双向畅通,人民大道,2023-03-20 17:34:52,"人民大道：双向畅通；北向南,从人民大道辅路路口到人民天桥行驶缓慢；南向北,人民天桥附近行驶缓慢；南向北,人民天桥附近行驶缓慢。"
1,双向畅通,博爱北路,2023-03-20 17:34:52,"博爱北路：双向畅通；南向北,从大兴东路到水巷口街拥堵；西向东,长堤路附近行驶缓慢。"
1,双向畅通,博爱南路,2023-03-20 17:34:52,博爱南路：双向畅通。
2,自北向南畅通；自南向北拥堵,大同路,2023-03-20 17:34:52,"大同路：自北向南畅通；自南向北拥堵；南向北,大同桥附近行驶缓慢。"
1,双向畅通,广场横路,2023-03-20 17:34:52,广场横路：双向畅通。
1,双向畅通,得胜沙北二街,2023-03-20 17:34:53,得胜沙北二街：双向畅通。
1,自西向东畅通,得胜沙路,2023-03-20 17:34:53,得胜沙路：自西向东畅通。
2,自北向南畅通；自南向北轻微拥堵,新华北路,2023-03-20 17:34:53,新华北路：自北向南畅通；自南向北轻微拥堵。
1,自北向南畅通,新华南路,2023-03-20 17:34:54,新华南路：自北向南畅通。
1,双向畅通,海富街,2023-03-20 17:34:54,海富街：双向畅通。
1,双向畅通,海甸一东路,2023-03-20 17:34:54,海甸一东路：双向畅通。
1,双向畅通,海甸一西路,2023-03-20 17:34:54,海甸一西路：双向畅通。
1,双向畅通,海甸东一街,2023-03-20 17:34:54,海甸东一街：双向畅通。
1,双向畅通,海甸二西路,2023-03-20 17:34:54,"海甸二西路：双向畅通；北向南,人民天桥附近行驶缓慢。"
1,双向畅通,盐灶路,2023-03-20 17:34:54,盐灶路：双向畅通。
1,自西向东畅通,解放东路,2023-03-20 17:34:55,解放东路：自西向东畅通。
2,自东向西轻微拥堵；自西向东畅通,解放西路,2023-03-20 17:34:55,"解放西路：自东向西轻微拥堵；自西向东畅通；东向南,友谊天桥附近拥堵。"
2,双向畅通,长堤路,2023-03-20 17:34:55,"长堤路：双向畅通；西向东,白马井渔婆附近拥堵。"
1,双向畅通,龙华路,2023-03-20 17:34:56,"龙华路：双向畅通；东向西,龙昆北路附近拥堵。"
1,双向畅通,人民大桥,2023-03-20 17:55:04,人民大桥：双向畅通。
2,自北向南轻微拥堵；自南向北畅通,人民大道,2023-03-20 17:55:04,"人民大道：自北向南轻微拥堵；自南向北畅通；北向南,从海甸四西路到海甸三西路严重拥堵。"
2,双向畅通,博爱北路,2023-03-20 17:55:04,"博爱北路：双向畅通；南向北,从解放东路到大兴西路拥堵；西向东,长堤路附近行驶缓慢。"
1,双向畅通,博爱南路,2023-03-20 17:55:05,博爱南路：双向畅通。
2,自北向南畅通；自南向北拥堵,大同路,2023-03-20 17:55:05,"大同路：自北向南畅通；自南向北拥堵；南向北,大同桥附近行驶缓慢。"
1,双向畅通,广场横路,2023-03-20 17:55:05,广场横路：双向畅通。
1,双向畅通,得胜沙北二街,2023-03-20 17:55:05,得胜沙北二街：双向畅通。
1,自西向东畅通,得胜沙路,2023-03-20 17:55:05,得胜沙路：自西向东畅通。
1,双向畅通,新华北路,2023-03-20 17:55:06,新华北路：双向畅通。
1,自北向南畅通,新华南路,2023-03-20 17:55:06,新华南路：自北向南畅通。
1,双向畅通,海富街,2023-03-20 17:55:06,海富街：双向畅通。
1,双向畅通,海甸一东路,2023-03-20 17:55:06,海甸一东路：双向畅通。
1,双向畅通,海甸一西路,2023-03-20 17:55:06,海甸一西路：双向畅通。
1,双向畅通,海甸东一街,2023-03-20 17:55:06,海甸东一街：双向畅通。
1,双向畅通,海甸二西路,2023-03-20 17:55:07,海甸二西路：双向畅通。
1,双向畅通,盐灶路,2023-03-20 17:55:07,盐灶路：双向畅通。
1,自西向东畅通,解放东路,2023-03-20 17:55:07,解放东路：自西向东畅通。
1,双向畅通,解放西路,2023-03-20 17:55:07,解放西路：双向畅通。
2,自东向西畅通；自西向东轻微拥堵,长堤路,2023-03-20 17:55:08,"长堤路：自东向西畅通；自西向东轻微拥堵；东向西,滨海大道辅路附近严重拥堵；西向东,从友谊天桥到白马井渔婆拥堵。"
1,双向畅通,龙华路,2023-03-20 17:55:08,"龙华路：双向畅通；北向西,从玉河天桥到龙昆北路拥堵；南向北,从华海路到羊家迷你粽拥堵。"
1,双向畅通,人民大桥,2023-03-20 18:15:16,人民大桥：双向畅通。
2,双向畅通,人民大道,2023-03-20 18:15:16,"人民大道：双向畅通；北向南,从拦海路到人民天桥行驶缓慢。"
1,双向畅通,博爱北路,2023-03-20 18:15:16,博爱北路：双向畅通。
1,双向畅通,博爱南路,2023-03-20 18:15:16,博爱南路：双向畅通。
1,自北向南畅通；自南向北轻微拥堵,大同路,2023-03-20 18:15:16,"大同路：自北向南畅通；自南向北轻微拥堵；南向北,大同桥附近严重拥堵。"
1,双向畅通,广场横路,2023-03-20 18:15:17,广场横路：双向畅通。
1,双向畅通,得胜沙北二街,2023-03-20 18:15:17,得胜沙北二街：双向畅通。
1,自西向东畅通,得胜沙路,2023-03-20 18:15:17,得胜沙路：自西向东畅通。
1,双向畅通,新华北路,2023-03-20 18:15:17,新华北路：双向畅通。
1,自北向南畅通,新华南路,2023-03-20 18:15:18,新华南路：自北向南畅通。
1,双向畅通,海富街,2023-03-20 18:15:18,海富街：双向畅通。
1,双向畅通,海甸一东路,2023-03-20 18:15:18,海甸一东路：双向畅通。
1,双向畅通,海甸一西路,2023-03-20 18:15:18,海甸一西路：双向畅通。
1,双向畅通,海甸东一街,2023-03-20 18:15:18,海甸东一街：双向畅通。
1,双向畅通,海甸二西路,2023-03-20 18:15:19,海甸二西路：双向畅通。
1,双向畅通,盐灶路,2023-03-20 18:15:19,盐灶路：双向畅通。
1,自西向东畅通,解放东路,2023-03-20 18:15:19,解放东路：自西向东畅通。
2,双向畅通,解放西路,2023-03-20 18:15:19,解放西路：双向畅通。
2,自东向西畅通；自西向东轻微拥堵,长堤路,2023-03-20 18:15:20,"长堤路：自东向西畅通；自西向东轻微拥堵；西向东,从友谊天桥到白马井渔婆行驶缓慢；东向西,滨海大道辅路附近行驶缓慢。"
2,自北向南轻微拥堵；自南向北畅通,龙华路,2023-03-20 18:15:20,"龙华路：自北向南轻微拥堵；自南向北畅通；西向东,龙华路附近严重拥堵；东向西,从龙华路辅路路口到龙昆北路拥堵；北向东,从金龙路到海秀中路行驶缓慢。"
1,双向畅通,人民大桥,2023-03-20 18:35:28,人民大桥：双向畅通。
1,自北向南轻微拥堵；自南向北畅通,人民大道,2023-03-20 18:35:28,"人民大道：自北向南轻微拥堵；自南向北畅通；北向南,从海甸四西路到海甸三西路拥堵。"
1,双向畅通,博爱北路,2023-03-20 18:35:28,"博爱北路：双向畅通；南向北,博爱南路附近拥堵。"
2,自北向南畅通；自南向北轻微拥堵,博爱南路,2023-03-20 18:35:28,"博爱南路：自北向南畅通；自南向北轻微拥堵；南向北,文明西路附近拥堵。"
1,自北向南畅通；自南向北轻微拥堵,大同路,2023-03-20 18:35:29,"大同路：自北向南畅通；自南向北轻微拥堵；南向北,大同桥附近行驶缓慢。"
1,双向畅通,广场横路,2023-03-20 18:35:29,广场横路：双向畅通。
1,双向畅通,得胜沙北二街,2023-03-20 18:35:29,得胜沙北二街：双向畅通。
1,自西向东畅通,得胜沙路,2023-03-20 18:35:29,得胜沙路：自西向东畅通。
1,双向畅通,新华北路,2023-03-20 18:35:29,新华北路：双向畅通。
1,自北向南畅通,新华南路,2023-03-20 18:35:29,新华南路：自北向南畅通。
1,双向畅通,海富街,2023-03-20 18:35:30,海富街：双向畅通。
1,双向畅通,海甸一东路,2023-03-20 18:35:30,海甸一东路：双向畅通。
1,双向畅通,海甸一西路,2023-03-20 18:35:30,海甸一西路：双向畅通。
1,双向畅通,海甸东一街,2023-03-20 18:35:30,海甸东一街：双向畅通。
1,双向畅通,海甸二西路,2023-03-20 18:35:30,海甸二西路：双向畅通。
1,双向畅通,盐灶路,2023-03-20 18:35:31,盐灶路：双向畅通。
1,自西向东畅通,解放东路,2023-03-20 18:35:31,解放东路：自西向东畅通。
1,双向畅通,解放西路,2023-03-20 18:35:31,解放西路：双向畅通。
2,自东向西拥堵；自西向东轻微拥堵,长堤路,2023-03-20 18:35:31,"长堤路：自东向西拥堵；自西向东轻微拥堵；东向西,滨海大道辅路附近严重拥堵；西向东,从友谊天桥到白马井渔婆拥堵。"
1,自北向南畅通；自南向北轻微拥堵,龙华路,2023-03-20 18:35:32,"龙华路：自北向南畅通；自南向北轻微拥堵；西向东,龙华路附近严重拥堵；东向西,龙昆北路附近拥堵。"
1,双向畅通,人民大桥,2023-03-20 18:55:39,人民大桥：双向畅通。
1,双向畅通,人民大道,2023-03-20 18:55:40,人民大道：双向畅通。
2,自南向北轻微拥堵；自西向东畅通,博爱北路,2023-03-20 18:55:40,"博爱北路：自南向北轻微拥堵；自西向东畅通；南向北,从大兴东路到水巷口街拥堵。"
1,双向畅通,博爱南路,2023-03-20 18:55:40,博爱南路：双向畅通。
1,双向畅通,大同路,2023-03-20 18:55:40,大同路：双向畅通。
1,双向畅通,广场横路,2023-03-20 18:55:40,广场横路：双向畅通。
1,双向畅通,得胜沙北二街,2023-03-20 18:55:41,得胜沙北二街：双向畅通。
1,自西向东畅通,得胜沙路,2023-03-20 18:55:41,得胜沙路：自西向东畅通。
1,双向畅通,新华北路,2023-03-20 18:55:41,新华北路：双向畅通。
1,自北向南畅通,新华南路,2023-03-20 18:55:41,新华南路：自北向南畅通。
1,双向畅通,海富街,2023-03-20 18:55:41,海富街：双向畅通。
1,双向畅通,海甸一东路,2023-03-20 18:55:41,海甸一东路：双向畅通。
1,双向畅通,海甸一西路,2023-03-20 18:55:42,海甸一西路：双向畅通。
1,双向畅通,海甸东一街,2023-03-20 18:55:42,海甸东一街：双向畅通。
1,双向畅通,海甸二西路,2023-03-20 18:55:42,海甸二西路：双向畅通。
1,双向畅通,盐灶路,2023-03-20 18:55:42,盐灶路：双向畅通。
1,自西向东畅通,解放东路,2023-03-20 18:55:42,解放东路：自西向东畅通。
1,双向畅通,解放西路,2023-03-20 18:55:43,解放西路：双向畅通。
2,自东向西拥堵；自西向东轻微拥堵,长堤路,2023-03-20 18:55:43,"长堤路：自东向西拥堵；自西向东轻微拥堵；西向东,和平北路附近拥堵；西向东,从友谊天桥到白马井渔婆行驶缓慢；东向西,从和平北路到白马井渔婆行驶缓慢。"
2,自北向南畅通；自南向北轻微拥堵,龙华路,2023-03-20 18:55:43,"龙华路：自北向南畅通；自南向北轻微拥堵；西向东,龙华路附近严重拥堵；东向西,龙昆北路附近拥堵。"
1,双向畅通,人民大桥,2023-03-20 19:15:50,人民大桥：双向畅通。
1,双向畅通,人民大道,2023-03-20 19:15:51,人民大道：双向畅通。
1,双向畅通,博爱北路,2023-03-20 19:15:51,博爱北路：双向畅通。
1,双向畅通,博爱南路,2023-03-20 19:15:51,博爱南路：双向畅通。
1,双向畅通,大同路,2023-03-20 19:15:51,大同路：双向畅通。
1,双向畅通,广场横路,2023-03-20 19:15:51,广场横路：双向畅通。
1,双向畅通,得胜沙北二街,2023-03-20 19:15:51,得胜沙北二街：双向畅通。
1,自西向东畅通,得胜沙路,2023-03-20 19:15:51,得胜沙路：自西向东畅通。
1,双向畅通,新华北路,2023-03-20 19:15:52,新华北路：双向畅通。
1,自北向南畅通,新华南路,2023-03-20 19:15:52,新华南路：自北向南畅通。
1,双向畅通,海富街,2023-03-20 19:15:52,海富街：双向畅通。
1,双向畅通,海甸一东路,2023-03-20 19:15:52,海甸一东路：双向畅通。
1,双向畅通,海甸一西路,2023-03-20 19:15:52,海甸一西路：双向畅通。
1,双向畅通,海甸东一街,2023-03-20 19:15:53,海甸东一街：双向畅通。
1,双向畅通,海甸二西路,2023-03-20 19:15:53,海甸二西路：双向畅通。
1,双向畅通,盐灶路,2023-03-20 19:15:53,"盐灶路：双向畅通；西向东,从滨海立交桥到滨海新村路拥堵。"
1,自西向东畅通,解放东路,2023-03-20 19:15:53,解放东路：自西向东畅通。
1,双向畅通,解放西路,2023-03-20 19:15:53,解放西路：双向畅通。
1,双向畅通,长堤路,2023-03-20 19:15:54,"长堤路：双向畅通；西向东,白马井渔婆附近行驶缓慢。"
1,双向畅通,龙华路,2023-03-20 19:15:54,"龙华路：双向畅通；东向西,从龙华路辅路路口到龙昆北路拥堵；西向东,龙华路附近拥堵；东向北,友谊天桥附近拥堵。"
2,自北向南畅通；自南向北轻微拥堵,人民大桥,2023-03-20 19:36:01,人民大桥：自北向南畅通；自南向北轻微拥堵。
1,双向畅通,人民大道,2023-03-20 19:36:02,"人民大道：双向畅通；南向北,人民天桥附近拥堵。"
1,双向畅通,博爱北路,2023-03-20 19:36:02,"博爱北路：双向畅通；南向北,从大兴东路到水巷口街拥堵。"
1,双向畅通,博爱南路,2023-03-20 19:36:02,博爱南路：双向畅通。
1,双向畅通,大同路,2023-03-20 19:36:02,大同路：双向畅通。
1,双向畅通,广场横路,2023-03-20 19:36:03,广场横路：双向畅通。
1,双向畅通,得胜沙北二街,2023-03-20 19:36:03,得胜沙北二街：双向畅通。
1,自西向东畅通,得胜沙路,2023-03-20 19:36:03,得胜沙路：自西向东畅通。
1,双向畅通,新华北路,2023-03-20 19:36:04,新华北路：双向畅通。
1,自北向南畅通,新华南路,2023-03-20 19:36:04,新华南路：自北向南畅通。
2,自北向南拥堵；自南向北畅通,海富街,2023-03-20 19:36:04,"海富街：自北向南拥堵；自南向北畅通；北向南,从海甸三西路辅路到海甸二西路行驶缓慢。"
1,双向畅通,海甸一东路,2023-03-20 19:36:04,"海甸一东路：双向畅通；东向西,从海甸东二街到海达路行驶缓慢。"
1,双向畅通,海甸一西路,2023-03-20 19:36:04,海甸一西路：双向畅通。
1,双向畅通,海甸东一街,2023-03-20 19:36:05,海甸东一街：双向畅通。
1,双向畅通,海甸二西路,2023-03-20 19:36:05,海甸二西路：双向畅通。
1,双向畅通,盐灶路,2023-03-20 19:36:05,盐灶路：双向畅通。
1,自西向东畅通,解放东路,2023-03-20 19:36:05,解放东路：自西向东畅通。
1,双向畅通,解放西路,2023-03-20 19:36:06,"解放西路：双向畅通；东向西,新华北路附近拥堵。"
1,双向畅通,长堤路,2023-03-20 19:36:06,"长堤路：双向畅通；西向东,白马井渔婆附近拥堵。"
1,双向畅通,龙华路,2023-03-20 19:36:07,"龙华路：双向畅通；东向北,友谊天桥附近拥堵。"
1,双向畅通,人民大桥,2023-03-21 12:03:12,人民大桥：双向畅通。
1,双向畅通,人民大道,2023-03-21 12:03:12,"人民大道：双向畅通；南向北,人民天桥附近拥堵；南向北,人民天桥附近拥堵。"
1,双向畅通,博爱北路,2023-03-21 12:03:12,"博爱北路：双向畅通；西向东,长堤路附近拥堵。"
1,双向畅通,博爱南路,2023-03-21 12:03:13,"博爱南路：双向畅通；南向北,文明西路附近拥堵。"
4,自北向南严重拥堵；自南向北畅通,大同路,2023-03-21 12:03:13,"大同路：自北向南严重拥堵；自南向北畅通；北向南,从大英西路到彩虹天桥严重拥堵。"
1,双向畅通,广场横路,2023-03-21 12:03:13,广场横路：双向畅通。
1,双向畅通,得胜沙北二街,2023-03-21 12:03:13,得胜沙北二街：双向畅通。
1,自西向东畅通,得胜沙路,2023-03-21 12:03:13,得胜沙路：自西向东畅通。
1,双向畅通,新华北路,2023-03-21 12:03:14,新华北路：双向畅通。
1,自北向南畅通,新华南路,2023-03-21 12:03:14,新华南路：自北向南畅通。
1,双向畅通,海富街,2023-03-21 12:03:14,海富街：双向畅通。
1,双向畅通,海甸一东路,2023-03-21 12:03:14,"海甸一东路：双向畅通；东向西,和平北路附近行驶缓慢。"
1,双向畅通,海甸一西路,2023-03-21 12:03:14,海甸一西路：双向畅通。
1,双向畅通,海甸东一街,2023-03-21 12:03:15,海甸东一街：双向畅通。
1,双向畅通,海甸二西路,2023-03-21 12:03:15,海甸二西路：双向畅通。
1,双向畅通,盐灶路,2023-03-21 12:03:15,盐灶路：双向畅通。
1,自西向东畅通,解放东路,2023-03-21 12:03:15,解放东路：自西向东畅通。
1,双向畅通,解放西路,2023-03-21 12:03:16,解放西路：双向畅通。
1,双向畅通,长堤路,2023-03-21 12:03:16,长堤路：双向畅通。
1,双向畅通,龙华路,2023-03-21 12:03:16,"龙华路：双向畅通；西向北,滨河路附近严重拥堵。"
1,双向畅通,人民大桥,2023-03-21 12:23:23,人民大桥：双向畅通。
1,双向畅通,人民大道,2023-03-21 12:23:23,人民大道：双向畅通。
1,双向畅通,博爱北路,2023-03-21 12:23:24,博爱北路：双向畅通。
1,双向畅通,博爱南路,2023-03-21 12:23:24,博爱南路：双向畅通。
1,双向畅通,大同路,2023-03-21 12:23:24,大同路：双向畅通。
1,双向畅通,广场横路,2023-03-21 12:23:24,广场横路：双向畅通。
1,双向畅通,得胜沙北二街,2023-03-21 12:23:24,得胜沙北二街：双向畅通。
1,自西向东畅通,得胜沙路,2023-03-21 12:23:25,得胜沙路：自西向东畅通。
1,双向畅通,新华北路,2023-03-21 12:23:25,新华北路：双向畅通。
1,自北向南畅通,新华南路,2023-03-21 12:23:25,新华南路：自北向南畅通。
1,双向畅通,海富街,2023-03-21 12:23:25,海富街：双向畅通。
1,双向畅通,海甸一东路,2023-03-21 12:23:26,海甸一东路：双向畅通。
1,双向畅通,海甸一西路,2023-03-21 12:23:26,海甸一西路：双向畅通。
1,双向畅通,海甸东一街,2023-03-21 12:23:26,海甸东一街：双向畅通。
1,双向畅通,海甸二西路,2023-03-21 12:23:26,海甸二西路：双向畅通。
1,双向畅通,盐灶路,2023-03-21 12:23:26,盐灶路：双向畅通。
1,自西向东畅通,解放东路,2023-03-21 12:23:27,解放东路：自西向东畅通。
1,双向畅通,解放西路,2023-03-21 12:23:27,解放西路：双向畅通。
1,双向畅通,长堤路,2023-03-21 12:23:27,长堤路：双向畅通。
1,双向畅通,龙华路,2023-03-21 12:23:27,"龙华路：双向畅通；北向南,从龙华天桥到龙华菜市场桥拥堵。"
1,双向畅通,人民大桥,2023-03-21 12:43:34,人民大桥：双向畅通。
1,双向畅通,人民大道,2023-03-21 12:43:34,人民大道：双向畅通。
1,双向畅通,博爱北路,2023-03-21 12:43:35,博爱北路：双向畅通。
1,双向畅通,博爱南路,2023-03-21 12:43:35,博爱南路：双向畅通。
1,双向畅通,大同路,2023-03-21 12:43:35,大同路：双向畅通。
1,双向畅通,广场横路,2023-03-21 12:43:35,广场横路：双向畅通。
1,双向畅通,得胜沙北二街,2023-03-21 12:43:35,得胜沙北二街：双向畅通。
1,自西向东畅通,得胜沙路,2023-03-21 12:43:36,得胜沙路：自西向东畅通。
1,双向畅通,新华北路,2023-03-21 12:43:36,新华北路：双向畅通。
1,自北向南畅通,新华南路,2023-03-21 12:43:36,新华南路：自北向南畅通。
1,双向畅通,海富街,2023-03-21 12:43:36,海富街：双向畅通。
1,双向畅通,海甸一东路,2023-03-21 12:43:36,海甸一东路：双向畅通。
1,双向畅通,海甸一西路,2023-03-21 12:43:36,海甸一西路：双向畅通。
1,双向畅通,海甸东一街,2023-03-21 12:43:37,海甸东一街：双向畅通。
1,双向畅通,海甸二西路,2023-03-21 12:43:37,海甸二西路：双向畅通。
1,双向畅通,盐灶路,2023-03-21 12:43:37,盐灶路：双向畅通。
1,自西向东畅通,解放东路,2023-03-21 12:43:37,解放东路：自西向东畅通。
1,双向畅通,解放西路,2023-03-21 12:43:37,解放西路：双向畅通。
1,双向畅通,长堤路,2023-03-21 12:43:38,长堤路：双向畅通。
1,双向畅通,龙华路,2023-03-21 12:43:38,"龙华路：双向畅通；东向西,从龙华路辅路路口到龙昆北路拥堵；西向北,滨河路附近拥堵。"
1,双向畅通,人民大桥,2023-03-21 13:03:44,人民大桥：双向畅通。
1,双向畅通,人民大道,2023-03-21 13:03:44,人民大道：双向畅通。
1,双向畅通,博爱北路,2023-03-21 13:03:44,博爱北路：双向畅通。
1,双向畅通,博爱南路,2023-03-21 13:03:44,博爱南路：双向畅通。
1,双向畅通,大同路,2023-03-21 13:03:45,大同路：双向畅通。
1,双向畅通,广场横路,2023-03-21 13:03:45,广场横路：双向畅通。
1,双向畅通,得胜沙北二街,2023-03-21 13:03:45,得胜沙北二街：双向畅通。
1,自西向东畅通,得胜沙路,2023-03-21 13:03:45,得胜沙路：自西向东畅通。
1,双向畅通,新华北路,2023-03-21 13:03:46,新华北路：双向畅通。
1,自北向南畅通,新华南路,2023-03-21 13:03:46,新华南路：自北向南畅通。
1,双向畅通,海富街,2023-03-21 13:03:46,海富街：双向畅通。
1,双向畅通,海甸一东路,2023-03-21 13:03:46,海甸一东路：双向畅通。
1,双向畅通,海甸一西路,2023-03-21 13:03:46,海甸一西路：双向畅通。
1,双向畅通,海甸东一街,2023-03-21 13:03:46,海甸东一街：双向畅通。
1,双向畅通,海甸二西路,2023-03-21 13:03:47,海甸二西路：双向畅通。
1,双向畅通,盐灶路,2023-03-21 13:03:47,盐灶路：双向畅通。
1,自西向东畅通,解放东路,2023-03-21 13:03:47,解放东路：自西向东畅通。
1,双向畅通,解放西路,2023-03-21 13:03:47,解放西路：双向畅通。
1,双向畅通,长堤路,2023-03-21 13:03:47,长堤路：双向畅通。
1,双向畅通,龙华路,2023-03-21 13:03:47,龙华路：双向畅通。
1,双向畅通,人民大桥,2023-03-21 13:23:54,人民大桥：双向畅通。
1,双向畅通,人民大道,2023-03-21 13:23:55,人民大道：双向畅通。
1,双向畅通,博爱北路,2023-03-21 13:23:55,博爱北路：双向畅通。
1,双向畅通,博爱南路,2023-03-21 13:23:55,博爱南路：双向畅通。
1,双向畅通,大同路,2023-03-21 13:23:55,大同路：双向畅通。
1,双向畅通,广场横路,2023-03-21 13:23:55,广场横路：双向畅通。
1,双向畅通,得胜沙北二街,2023-03-21 13:23:56,得胜沙北二街：双向畅通。
1,自西向东畅通,得胜沙路,2023-03-21 13:23:56,得胜沙路：自西向东畅通。
1,双向畅通,新华北路,2023-03-21 13:23:56,新华北路：双向畅通。
1,自北向南畅通,新华南路,2023-03-21 13:23:56,新华南路：自北向南畅通。
1,双向畅通,海富街,2023-03-21 13:23:56,海富街：双向畅通。
1,双向畅通,海甸一东路,2023-03-21 13:23:57,海甸一东路：双向畅通。
1,双向畅通,海甸一西路,2023-03-21 13:23:57,海甸一西路：双向畅通。
1,双向畅通,海甸东一街,2023-03-21 13:23:57,海甸东一街：双向畅通。
1,双向畅通,海甸二西路,2023-03-21 13:23:57,海甸二西路：双向畅通。
1,双向畅通,盐灶路,2023-03-21 13:23:57,盐灶路：双向畅通。
1,自西向东畅通,解放东路,2023-03-21 13:23:58,解放东路：自西向东畅通。
1,双向畅通,解放西路,2023-03-21 13:23:58,解放西路：双向畅通。
1,双向畅通,长堤路,2023-03-21 13:23:58,长堤路：双向畅通。
1,双向畅通,龙华路,2023-03-21 13:23:58,龙华路：双向畅通。
1,双向畅通,人民大桥,2023-03-21 13:44:05,人民大桥：双向畅通。
1,双向畅通,人民大道,2023-03-21 13:44:06,人民大道：双向畅通。
1,双向畅通,博爱北路,2023-03-21 13:44:06,博爱北路：双向畅通。
1,双向畅通,博爱南路,2023-03-21 13:44:06,博爱南路：双向畅通。
1,双向畅通,大同路,2023-03-21 13:44:06,大同路：双向畅通。
1,双向畅通,广场横路,2023-03-21 13:44:06,广场横路：双向畅通。
1,双向畅通,得胜沙北二街,2023-03-21 13:44:07,得胜沙北二街：双向畅通。
1,自西向东畅通,得胜沙路,2023-03-21 13:44:07,得胜沙路：自西向东畅通。
1,双向畅通,新华北路,2023-03-21 13:44:07,新华北路：双向畅通。
1,自北向南畅通,新华南路,2023-03-21 13:44:07,新华南路：自北向南畅通。
1,双向畅通,海富街,2023-03-21 13:44:07,海富街：双向畅通。
1,双向畅通,海甸一东路,2023-03-21 13:44:08,海甸一东路：双向畅通。
1,双向畅通,海甸一西路,2023-03-21 13:44:08,海甸一西路：双向畅通。
1,双向畅通,海甸东一街,2023-03-21 13:44:08,海甸东一街：双向畅通。
1,双向畅通,海甸二西路,2023-03-21 13:44:08,海甸二西路：双向畅通。
1,双向畅通,盐灶路,2023-03-21 13:44:08,盐灶路：双向畅通。
1,自西向东畅通,解放东路,2023-03-21 13:44:09,解放东路：自西向东畅通。
1,双向畅通,解放西路,2023-03-21 13:44:09,解放西路：双向畅通。
1,双向畅通,长堤路,2023-03-21 13:44:09,长堤路：双向畅通。
1,双向畅通,龙华路,2023-03-21 13:44:09,龙华路：双向畅通。
1,双向畅通,人民大桥,2023-03-21 14:04:16,人民大桥：双向畅通。
1,双向畅通,人民大道,2023-03-21 14:04:16,人民大道：双向畅通。
1,双向畅通,博爱北路,2023-03-21 14:04:16,博爱北路：双向畅通。
1,双向畅通,博爱南路,2023-03-21 14:04:16,博爱南路：双向畅通。
1,双向畅通,大同路,2023-03-21 14:04:16,大同路：双向畅通。
1,双向畅通,广场横路,2023-03-21 14:04:17,广场横路：双向畅通。
1,双向畅通,得胜沙北二街,2023-03-21 14:04:17,得胜沙北二街：双向畅通。
1,自西向东畅通,得胜沙路,2023-03-21 14:04:17,得胜沙路：自西向东畅通。
1,双向畅通,新华北路,2023-03-21 14:04:17,新华北路：双向畅通。
1,自北向南畅通,新华南路,2023-03-21 14:04:17,新华南路：自北向南畅通。
1,双向畅通,海富街,2023-03-21 14:04:17,海富街：双向畅通。
1,双向畅通,海甸一东路,2023-03-21 14:04:17,海甸一东路：双向畅通。
1,双向畅通,海甸一西路,2023-03-21 14:04:18,海甸一西路：双向畅通。
1,双向畅通,海甸东一街,2023-03-21 14:04:18,海甸东一街：双向畅通。
1,双向畅通,海甸二西路,2023-03-21 14:04:18,海甸二西路：双向畅通。
1,双向畅通,盐灶路,2023-03-21 14:04:18,盐灶路：双向畅通。
1,自西向东畅通,解放东路,2023-03-21 14:04:18,解放东路：自西向东畅通。
1,双向畅通,解放西路,2023-03-21 14:04:19,解放西路：双向畅通。
1,双向畅通,长堤路,2023-03-21 14:04:19,长堤路：双向畅通。
1,双向畅通,龙华路,2023-03-21 14:04:19,龙华路：双向畅通。
1,双向畅通,人民大桥,2023-03-21 14:24:26,人民大桥：双向畅通。
1,双向畅通,人民大道,2023-03-21 14:24:26,人民大道：双向畅通。
1,双向畅通,博爱北路,2023-03-21 14:24:26,博爱北路：双向畅通。
1,双向畅通,博爱南路,2023-03-21 14:24:26,博爱南路：双向畅通。
1,双向畅通,大同路,2023-03-21 14:24:26,大同路：双向畅通。
1,双向畅通,广场横路,2023-03-21 14:24:27,广场横路：双向畅通。
1,双向畅通,得胜沙北二街,2023-03-21 14:24:27,得胜沙北二街：双向畅通。
1,自西向东畅通,得胜沙路,2023-03-21 14:24:27,得胜沙路：自西向东畅通。
1,双向畅通,新华北路,2023-03-21 14:24:27,新华北路：双向畅通。
1,自北向南畅通,新华南路,2023-03-21 14:24:27,新华南路：自北向南畅通。
1,双向畅通,海富街,2023-03-21 14:24:27,海富街：双向畅通。
1,双向畅通,海甸一东路,2023-03-21 14:24:28,海甸一东路：双向畅通。
1,双向畅通,海甸一西路,2023-03-21 14:24:28,海甸一西路：双向畅通。
1,双向畅通,海甸东一街,2023-03-21 14:24:28,海甸东一街：双向畅通。
1,双向畅通,海甸二西路,2023-03-21 14:24:28,海甸二西路：双向畅通。
1,双向畅通,盐灶路,2023-03-21 14:24:28,盐灶路：双向畅通。
1,自西向东畅通,解放东路,2023-03-21 14:24:28,解放东路：自西向东畅通。
2,自东向西轻微拥堵；自西向东畅通,解放西路,2023-03-21 14:24:29,"解放西路：自东向西轻微拥堵；自西向东畅通；东向西,新华北路附近拥堵。"
1,双向畅通,长堤路,2023-03-21 14:24:29,长堤路：双向畅通。
1,双向畅通,龙华路,2023-03-21 14:24:29,龙华路：双向畅通。
1,双向畅通,人民大桥,2023-03-21 14:44:37,人民大桥：双向畅通。
1,双向畅通,人民大道,2023-03-21 14:44:37,人民大道：双向畅通。
1,双向畅通,博爱北路,2023-03-21 14:44:37,博爱北路：双向畅通。
1,双向畅通,博爱南路,2023-03-21 14:44:37,博爱南路：双向畅通。
1,双向畅通,大同路,2023-03-21 14:44:37,大同路：双向畅通。
1,双向畅通,广场横路,2023-03-21 14:44:38,广场横路：双向畅通。
1,双向畅通,得胜沙北二街,2023-03-21 14:44:38,得胜沙北二街：双向畅通。
1,自西向东畅通,得胜沙路,2023-03-21 14:44:38,得胜沙路：自西向东畅通。
1,双向畅通,新华北路,2023-03-21 14:44:38,新华北路：双向畅通。
1,自北向南畅通,新华南路,2023-03-21 14:44:38,新华南路：自北向南畅通。
1,双向畅通,海富街,2023-03-21 14:44:39,海富街：双向畅通。
1,双向畅通,海甸一东路,2023-03-21 14:44:39,海甸一东路：双向畅通。
1,双向畅通,海甸一西路,2023-03-21 14:44:39,海甸一西路：双向畅通。
1,双向畅通,海甸东一街,2023-03-21 14:44:39,海甸东一街：双向畅通。
1,双向畅通,海甸二西路,2023-03-21 14:44:39,海甸二西路：双向畅通。
1,双向畅通,盐灶路,2023-03-21 14:44:40,盐灶路：双向畅通。
1,自西向东畅通,解放东路,2023-03-21 14:44:40,解放东路：自西向东畅通。
2,自东向西轻微拥堵；自西向东畅通,解放西路,2023-03-21 14:44:40,解放西路：自东向西轻微拥堵；自西向东畅通。
1,双向畅通,长堤路,2023-03-21 14:44:40,长堤路：双向畅通。
1,双向畅通,龙华路,2023-03-21 14:44:40,"龙华路：双向畅通；西向东,龙华路附近严重拥堵。"
1,双向畅通,人民大桥,2023-03-21 15:04:47,人民大桥：双向畅通。
1,双向畅通,人民大道,2023-03-21 15:04:47,人民大道：双向畅通。
1,双向畅通,博爱北路,2023-03-21 15:04:47,博爱北路：双向畅通。
1,双向畅通,博爱南路,2023-03-21 15:04:47,博爱南路：双向畅通。
1,双向畅通,大同路,2023-03-21 15:04:48,大同路：双向畅通。
1,双向畅通,广场横路,2023-03-21 15:04:48,广场横路：双向畅通。
1,双向畅通,得胜沙北二街,2023-03-21 15:04:48,得胜沙北二街：双向畅通。
1,自西向东畅通,得胜沙路,2023-03-21 15:04:48,得胜沙路：自西向东畅通。
1,双向畅通,新华北路,2023-03-21 15:04:48,新华北路：双向畅通。
1,自北向南畅通,新华南路,2023-03-21 15:04:48,新华南路：自北向南畅通。
1,双向畅通,海富街,2023-03-21 15:04:48,海富街：双向畅通。
1,双向畅通,海甸一东路,2023-03-21 15:04:49,海甸一东路：双向畅通。
1,双向畅通,海甸一西路,2023-03-21 15:04:49,海甸一西路：双向畅通。
1,双向畅通,海甸东一街,2023-03-21 15:04:49,海甸东一街：双向畅通。
1,双向畅通,海甸二西路,2023-03-21 15:04:49,海甸二西路：双向畅通。
1,双向畅通,盐灶路,2023-03-21 15:04:49,盐灶路：双向畅通。
1,自西向东畅通,解放东路,2023-03-21 15:04:50,解放东路：自西向东畅通。
1,双向畅通,解放西路,2023-03-21 15:04:50,解放西路：双向畅通。
1,双向畅通,长堤路,2023-03-21 15:04:50,长堤路：双向畅通。
1,双向畅通,龙华路,2023-03-21 15:04:50,"龙华路：双向畅通；西向东,龙华路附近拥堵。"
1,双向畅通,人民大桥,2023-03-21 15:24:57,人民大桥：双向畅通。
1,双向畅通,人民大道,2023-03-21 15:24:57,人民大道：双向畅通。
1,双向畅通,博爱北路,2023-03-21 15:24:57,博爱北路：双向畅通。
1,双向畅通,博爱南路,2023-03-21 15:24:57,博爱南路：双向畅通。
1,双向畅通,大同路,2023-03-21 15:24:57,大同路：双向畅通。
1,双向畅通,广场横路,2023-03-21 15:24:58,广场横路：双向畅通。
1,双向畅通,得胜沙北二街,2023-03-21 15:24:58,得胜沙北二街：双向畅通。
1,自西向东畅通,得胜沙路,2023-03-21 15:24:58,得胜沙路：自西向东畅通。
1,双向畅通,新华北路,2023-03-21 15:24:58,新华北路：双向畅通。
1,自北向南畅通,新华南路,2023-03-21 15:24:58,新华南路：自北向南畅通。
1,双向畅通,海富街,2023-03-21 15:24:58,海富街：双向畅通。
1,双向畅通,海甸一东路,2023-03-21 15:24:59,海甸一东路：双向畅通。
1,双向畅通,海甸一西路,2023-03-21 15:24:59,海甸一西路：双向畅通。
1,双向畅通,海甸东一街,2023-03-21 15:24:59,海甸东一街：双向畅通。
1,双向畅通,海甸二西路,2023-03-21 15:24:59,海甸二西路：双向畅通。
1,双向畅通,盐灶路,2023-03-21 15:25:00,盐灶路：双向畅通。
1,自西向东畅通,解放东路,2023-03-21 15:25:00,解放东路：自西向东畅通。
1,双向畅通,解放西路,2023-03-21 15:25:00,解放西路：双向畅通。
1,双向畅通,长堤路,2023-03-21 15:25:00,长堤路：双向畅通。
1,双向畅通,龙华路,2023-03-21 15:25:01,"龙华路：双向畅通；南向北,从滨河路到玉河天桥拥堵。"
1,双向畅通,人民大桥,2023-03-21 15:45:07,人民大桥：双向畅通。
1,双向畅通,人民大道,2023-03-21 15:45:08,人民大道：双向畅通。
1,双向畅通,博爱北路,2023-03-21 15:45:08,博爱北路：双向畅通。
3,自北向南畅通；自南向北拥堵,博爱南路,2023-03-21 15:45:08,"博爱南路：自北向南畅通；自南向北拥堵；南向北,文明西路附近严重拥堵。"
1,双向畅通,大同路,2023-03-21 15:45:08,大同路：双向畅通。
1,双向畅通,广场横路,2023-03-21 15:45:08,广场横路：双向畅通。
1,双向畅通,得胜沙北二街,2023-03-21 15:45:08,得胜沙北二街：双向畅通。
1,自西向东畅通,得胜沙路,2023-03-21 15:45:09,得胜沙路：自西向东畅通。
1,双向畅通,新华北路,2023-03-21 15:45:09,新华北路：双向畅通。
1,自北向南畅通,新华南路,2023-03-21 15:45:09,新华南路：自北向南畅通。
1,双向畅通,海富街,2023-03-21 15:45:09,海富街：双向畅通。
1,双向畅通,海甸一东路,2023-03-21 15:45:09,海甸一东路：双向畅通。
1,双向畅通,海甸一西路,2023-03-21 15:45:10,海甸一西路：双向畅通。
1,双向畅通,海甸东一街,2023-03-21 15:45:10,海甸东一街：双向畅通。
1,双向畅通,海甸二西路,2023-03-21 15:45:10,海甸二西路：双向畅通。
1,双向畅通,盐灶路,2023-03-21 15:45:10,盐灶路：双向畅通。
1,自西向东畅通,解放东路,2023-03-21 15:45:10,解放东路：自西向东畅通。
1,双向畅通,解放西路,2023-03-21 15:45:11,解放西路：双向畅通。
1,双向畅通,长堤路,2023-03-21 15:45:11,长堤路：双向畅通。
1,双向畅通,龙华路,2023-03-21 15:45:11,"龙华路：双向畅通；南向北,从龙华路辅路路口到滨河路拥堵。"
1,双向畅通,人民大桥,2023-03-21 16:05:18,人民大桥：双向畅通。
1,双向畅通,人民大道,2023-03-21 16:05:19,人民大道：双向畅通。
1,双向畅通,博爱北路,2023-03-21 16:05:19,博爱北路：双向畅通。
1,双向畅通,博爱南路,2023-03-21 16:05:19,博爱南路：双向畅通。
1,双向畅通,大同路,2023-03-21 16:05:19,大同路：双向畅通。
1,双向畅通,广场横路,2023-03-21 16:05:19,广场横路：双向畅通。
1,双向畅通,得胜沙北二街,2023-03-21 16:05:20,得胜沙北二街：双向畅通。
1,自西向东畅通,得胜沙路,2023-03-21 16:05:20,得胜沙路：自西向东畅通。
1,双向畅通,新华北路,2023-03-21 16:05:20,新华北路：双向畅通。
1,自北向南畅通,新华南路,2023-03-21 16:05:20,新华南路：自北向南畅通。
1,双向畅通,海富街,2023-03-21 16:05:20,海富街：双向畅通。
1,双向畅通,海甸一东路,2023-03-21 16:05:20,海甸一东路：双向畅通。
1,双向畅通,海甸一西路,2023-03-21 16:05:21,海甸一西路：双向畅通。
1,双向畅通,海甸东一街,2023-03-21 16:05:21,海甸东一街：双向畅通。
1,双向畅通,海甸二西路,2023-03-21 16:05:21,海甸二西路：双向畅通。
1,双向畅通,盐灶路,2023-03-21 16:05:21,盐灶路：双向畅通。
1,自西向东畅通,解放东路,2023-03-21 16:05:21,解放东路：自西向东畅通。
1,双向畅通,解放西路,2023-03-21 16:05:22,解放西路：双向畅通。
1,双向畅通,长堤路,2023-03-21 16:05:22,长堤路：双向畅通。
1,双向畅通,龙华路,2023-03-21 16:05:22,龙华路：双向畅通。
1,双向畅通,人民大桥,2023-03-21 16:25:29,人民大桥：双向畅通。
1,双向畅通,人民大道,2023-03-21 16:25:29,人民大道：双向畅通。
1,双向畅通,博爱北路,2023-03-21 16:25:29,博爱北路：双向畅通。
1,双向畅通,博爱南路,2023-03-21 16:25:30,博爱南路：双向畅通。
1,双向畅通,大同路,2023-03-21 16:25:30,大同路：双向畅通。
1,双向畅通,广场横路,2023-03-21 16:25:30,广场横路：双向畅通。
1,双向畅通,得胜沙北二街,2023-03-21 16:25:30,得胜沙北二街：双向畅通。
1,自西向东畅通,得胜沙路,2023-03-21 16:25:30,得胜沙路：自西向东畅通。
1,双向畅通,新华北路,2023-03-21 16:25:31,新华北路：双向畅通。
1,自北向南畅通,新华南路,2023-03-21 16:25:31,新华南路：自北向南畅通。
1,双向畅通,海富街,2023-03-21 16:25:31,海富街：双向畅通。
1,双向畅通,海甸一东路,2023-03-21 16:25:31,海甸一东路：双向畅通。
1,双向畅通,海甸一西路,2023-03-21 16:25:31,海甸一西路：双向畅通。
1,双向畅通,海甸东一街,2023-03-21 16:25:32,海甸东一街：双向畅通。
1,双向畅通,海甸二西路,2023-03-21 16:25:32,海甸二西路：双向畅通。
1,双向畅通,盐灶路,2023-03-21 16:25:32,盐灶路：双向畅通。
1,自西向东畅通,解放东路,2023-03-21 16:25:32,解放东路：自西向东畅通。
3,自东向西拥堵；自西向东畅通,解放西路,2023-03-21 16:25:33,解放西路：自东向西拥堵；自西向东畅通。
1,双向畅通,长堤路,2023-03-21 16:25:33,长堤路：双向畅通。
2,自北向南畅通；自南向北轻微拥堵,龙华路,2023-03-21 16:25:33,"龙华路：自北向南畅通；自南向北轻微拥堵；南向北,从龙华路辅路路口到滨河路严重拥堵。"
1,双向畅通,人民大桥,2023-03-21 16:45:39,人民大桥：双向畅通。
1,双向畅通,人民大道,2023-03-21 16:45:39,人民大道：双向畅通。
1,双向畅通,博爱北路,2023-03-21 16:45:40,"博爱北路：双向畅通；西向东,长堤路附近严重拥堵。"
1,双向畅通,博爱南路,2023-03-21 16:45:40,博爱南路：双向畅通。
1,双向畅通,大同路,2023-03-21 16:45:40,大同路：双向畅通。
1,双向畅通,广场横路,2023-03-21 16:45:40,广场横路：双向畅通。
1,双向畅通,得胜沙北二街,2023-03-21 16:45:41,得胜沙北二街：双向畅通。
1,自西向东畅通,得胜沙路,2023-03-21 16:45:41,得胜沙路：自西向东畅通。
1,双向畅通,新华北路,2023-03-21 16:45:41,新华北路：双向畅通。
1,自北向南畅通,新华南路,2023-03-21 16:45:41,新华南路：自北向南畅通。
1,双向畅通,海富街,2023-03-21 16:45:41,海富街：双向畅通。
1,双向畅通,海甸一东路,2023-03-21 16:45:41,海甸一东路：双向畅通。
1,双向畅通,海甸一西路,2023-03-21 16:45:42,海甸一西路：双向畅通。
1,双向畅通,海甸东一街,2023-03-21 16:45:42,海甸东一街：双向畅通。
1,双向畅通,海甸二西路,2023-03-21 16:45:42,海甸二西路：双向畅通。
1,双向畅通,盐灶路,2023-03-21 16:45:42,盐灶路：双向畅通。
1,自西向东畅通,解放东路,2023-03-21 16:45:42,解放东路：自西向东畅通。
2,自东向西轻微拥堵；自西向东畅通,解放西路,2023-03-21 16:45:43,"解放西路：自东向西轻微拥堵；自西向东畅通；东向西,从新华北路到友谊天桥拥堵。"
1,双向畅通,长堤路,2023-03-21 16:45:43,长堤路：双向畅通。
1,双向畅通,龙华路,2023-03-21 16:45:43,龙华路：双向畅通。
1,双向畅通,人民大桥,2023-03-21 17:05:49,人民大桥：双向畅通。
1,双向畅通,人民大道,2023-03-21 17:05:49,人民大道：双向畅通。
1,双向畅通,博爱北路,2023-03-21 17:05:50,博爱北路：双向畅通。
1,双向畅通,博爱南路,2023-03-21 17:05:50,博爱南路：双向畅通。
1,双向畅通,大同路,2023-03-21 17:05:50,大同路：双向畅通。
1,双向畅通,广场横路,2023-03-21 17:05:50,广场横路：双向畅通。
1,双向畅通,得胜沙北二街,2023-03-21 17:05:50,得胜沙北二街：双向畅通。
1,自西向东畅通,得胜沙路,2023-03-21 17:05:50,得胜沙路：自西向东畅通。
1,双向畅通,新华北路,2023-03-21 17:05:51,新华北路：双向畅通。
1,自北向南畅通,新华南路,2023-03-21 17:05:51,新华南路：自北向南畅通。
1,双向畅通,海富街,2023-03-21 17:05:51,海富街：双向畅通。
1,双向畅通,海甸一东路,2023-03-21 17:05:51,海甸一东路：双向畅通。
1,双向畅通,海甸一西路,2023-03-21 17:05:51,海甸一西路：双向畅通。
1,双向畅通,海甸东一街,2023-03-21 17:05:51,海甸东一街：双向畅通。
1,双向畅通,海甸二西路,2023-03-21 17:05:51,海甸二西路：双向畅通。
1,双向畅通,盐灶路,2023-03-21 17:05:52,盐灶路：双向畅通。
1,自西向东畅通,解放东路,2023-03-21 17:05:52,解放东路：自西向东畅通。
1,双向畅通,解放西路,2023-03-21 17:05:52,解放西路：双向畅通。
1,双向畅通,长堤路,2023-03-21 17:05:52,长堤路：双向畅通。
1,双向畅通,龙华路,2023-03-21 17:05:52,"龙华路：双向畅通；北向西,从玉河天桥到龙昆北路严重拥堵；西向东,龙华路附近拥堵。"
1,双向畅通,人民大桥,2023-03-21 17:25:59,人民大桥：双向畅通。
1,双向畅通,人民大道,2023-03-21 17:25:59,人民大道：双向畅通。
2,自南向北畅通；自西向东轻微拥堵,博爱北路,2023-03-21 17:26:00,"博爱北路：自南向北畅通；自西向东轻微拥堵；南向北,从大兴东路到水巷口街拥堵。"
1,双向畅通,博爱南路,2023-03-21 17:26:00,博爱南路：双向畅通。
1,双向畅通,大同路,2023-03-21 17:26:00,大同路：双向畅通。
1,双向畅通,广场横路,2023-03-21 17:26:00,广场横路：双向畅通。
1,双向畅通,得胜沙北二街,2023-03-21 17:26:00,得胜沙北二街：双向畅通。
1,自西向东畅通,得胜沙路,2023-03-21 17:26:00,得胜沙路：自西向东畅通。
1,双向畅通,新华北路,2023-03-21 17:26:00,新华北路：双向畅通。
1,自北向南畅通,新华南路,2023-03-21 17:26:01,新华南路：自北向南畅通。
1,双向畅通,海富街,2023-03-21 17:26:01,海富街：双向畅通。
1,双向畅通,海甸一东路,2023-03-21 17:26:01,海甸一东路：双向畅通。
1,双向畅通,海甸一西路,2023-03-21 17:26:01,海甸一西路：双向畅通。
1,双向畅通,海甸东一街,2023-03-21 17:26:02,海甸东一街：双向畅通。
1,双向畅通,海甸二西路,2023-03-21 17:26:02,海甸二西路：双向畅通。
1,双向畅通,盐灶路,2023-03-21 17:26:02,盐灶路：双向畅通。
1,自西向东畅通,解放东路,2023-03-21 17:26:02,解放东路：自西向东畅通。
1,双向畅通,人民大桥,2023-03-22 12:36:31,人民大桥：双向畅通。
1,双向畅通,人民大道,2023-03-22 12:36:31,人民大道：双向畅通。
1,双向畅通,博爱北路,2023-03-22 12:36:32,博爱北路：双向畅通。
1,双向畅通,博爱南路,2023-03-22 12:36:32,博爱南路：双向畅通。
1,双向畅通,大同路,2023-03-22 12:36:32,大同路：双向畅通。
1,双向畅通,广场横路,2023-03-22 12:36:32,广场横路：双向畅通。
1,双向畅通,得胜沙北二街,2023-03-22 12:36:32,得胜沙北二街：双向畅通。
1,自西向东畅通,得胜沙路,2023-03-22 12:36:33,得胜沙路：自西向东畅通。
1,双向畅通,新华北路,2023-03-22 12:36:33,新华北路：双向畅通。
1,自北向南畅通,新华南路,2023-03-22 12:36:33,新华南路：自北向南畅通。
1,双向畅通,海富街,2023-03-22 12:36:33,海富街：双向畅通。
1,双向畅通,海甸一东路,2023-03-22 12:36:33,海甸一东路：双向畅通。
1,双向畅通,海甸一西路,2023-03-22 12:36:34,海甸一西路：双向畅通。
1,双向畅通,海甸东一街,2023-03-22 12:36:34,海甸东一街：双向畅通。
1,双向畅通,海甸二西路,2023-03-22 12:36:34,海甸二西路：双向畅通。
1,双向畅通,盐灶路,2023-03-22 12:36:34,盐灶路：双向畅通。
1,自西向东畅通,解放东路,2023-03-22 12:36:34,解放东路：自西向东畅通。
1,双向畅通,解放西路,2023-03-22 12:36:34,解放西路：双向畅通。
2,自东向西畅通；自西向东轻微拥堵,长堤路,2023-03-22 12:36:35,"长堤路：自东向西畅通；自西向东轻微拥堵；西向东,博爱北路附近严重拥堵。"
1,双向畅通,龙华路,2023-03-22 12:36:35,"龙华路：双向畅通；西向北,滨河路附近拥堵。"
1,双向畅通,人民大桥,2023-03-22 12:56:42,人民大桥：双向畅通。
1,双向畅通,人民大道,2023-03-22 12:56:42,人民大道：双向畅通。
1,双向畅通,博爱北路,2023-03-22 12:56:42,博爱北路：双向畅通。
1,双向畅通,博爱南路,2023-03-22 12:56:42,博爱南路：双向畅通。
1,双向畅通,大同路,2023-03-22 12:56:42,大同路：双向畅通。
1,双向畅通,广场横路,2023-03-22 12:56:42,广场横路：双向畅通。
1,双向畅通,得胜沙北二街,2023-03-22 12:56:43,得胜沙北二街：双向畅通。
1,自西向东畅通,得胜沙路,2023-03-22 12:56:43,得胜沙路：自西向东畅通。
1,双向畅通,新华北路,2023-03-22 12:56:43,新华北路：双向畅通。
1,自北向南畅通,新华南路,2023-03-22 12:56:43,新华南路：自北向南畅通。
1,双向畅通,海富街,2023-03-22 12:56:43,海富街：双向畅通。
1,双向畅通,海甸一东路,2023-03-22 12:56:44,海甸一东路：双向畅通。
1,双向畅通,海甸一西路,2023-03-22 12:56:44,海甸一西路：双向畅通。
1,双向畅通,海甸东一街,2023-03-22 12:56:44,海甸东一街：双向畅通。
1,双向畅通,海甸二西路,2023-03-22 12:56:44,海甸二西路：双向畅通。
1,双向畅通,盐灶路,2023-03-22 12:56:44,盐灶路：双向畅通。
1,自西向东畅通,解放东路,2023-03-22 12:56:45,解放东路：自西向东畅通。
1,双向畅通,解放西路,2023-03-22 12:56:45,解放西路：双向畅通。
1,双向畅通,长堤路,2023-03-22 12:56:45,长堤路：双向畅通。
1,双向畅通,龙华路,2023-03-22 12:56:45,龙华路：双向畅通。
1,双向畅通,人民大桥,2023-03-22 13:16:52,人民大桥：双向畅通。
1,双向畅通,人民大道,2023-03-22 13:16:52,人民大道：双向畅通。
1,双向畅通,博爱北路,2023-03-22 13:16:53,博爱北路：双向畅通。
1,双向畅通,博爱南路,2023-03-22 13:16:53,博爱南路：双向畅通。
1,双向畅通,大同路,2023-03-22 13:16:53,大同路：双向畅通。
1,双向畅通,广场横路,2023-03-22 13:16:53,广场横路：双向畅通。
1,双向畅通,得胜沙北二街,2023-03-22 13:16:53,得胜沙北二街：双向畅通。
1,自西向东畅通,得胜沙路,2023-03-22 13:16:53,得胜沙路：自西向东畅通。
1,双向畅通,新华北路,2023-03-22 13:16:54,新华北路：双向畅通。
1,自北向南畅通,新华南路,2023-03-22 13:16:54,新华南路：自北向南畅通。
1,双向畅通,海富街,2023-03-22 13:16:54,海富街：双向畅通。
1,双向畅通,海甸一东路,2023-03-22 13:16:54,海甸一东路：双向畅通。
1,双向畅通,海甸一西路,2023-03-22 13:16:54,海甸一西路：双向畅通。
1,双向畅通,海甸东一街,2023-03-22 13:16:54,海甸东一街：双向畅通。
1,双向畅通,海甸二西路,2023-03-22 13:16:54,海甸二西路：双向畅通。
1,双向畅通,盐灶路,2023-03-22 13:16:55,盐灶路：双向畅通。
1,自西向东畅通,解放东路,2023-03-22 13:16:55,解放东路：自西向东畅通。
1,双向畅通,解放西路,2023-03-22 13:16:55,解放西路：双向畅通。
1,双向畅通,长堤路,2023-03-22 13:16:55,长堤路：双向畅通。
1,双向畅通,龙华路,2023-03-22 13:16:55,龙华路：双向畅通。
1,双向畅通,人民大桥,2023-03-22 13:37:02,人民大桥：双向畅通。
1,双向畅通,人民大道,2023-03-22 13:37:02,人民大道：双向畅通。
1,双向畅通,博爱北路,2023-03-22 13:37:03,博爱北路：双向畅通。
1,双向畅通,博爱南路,2023-03-22 13:37:03,博爱南路：双向畅通。
1,双向畅通,大同路,2023-03-22 13:37:03,大同路：双向畅通。
1,双向畅通,广场横路,2023-03-22 13:37:03,广场横路：双向畅通。
1,双向畅通,得胜沙北二街,2023-03-22 13:37:03,得胜沙北二街：双向畅通。
1,自西向东畅通,得胜沙路,2023-03-22 13:37:04,得胜沙路：自西向东畅通。
1,双向畅通,新华北路,2023-03-22 13:37:04,新华北路：双向畅通。
1,自北向南畅通,新华南路,2023-03-22 13:37:04,新华南路：自北向南畅通。
1,双向畅通,海富街,2023-03-22 13:37:04,海富街：双向畅通。
1,双向畅通,海甸一东路,2023-03-22 13:37:04,海甸一东路：双向畅通。
1,双向畅通,海甸一西路,2023-03-22 13:37:05,海甸一西路：双向畅通。
1,双向畅通,海甸东一街,2023-03-22 13:37:05,海甸东一街：双向畅通。
1,双向畅通,海甸二西路,2023-03-22 13:37:05,海甸二西路：双向畅通。
1,双向畅通,盐灶路,2023-03-22 13:37:05,盐灶路：双向畅通。
1,自西向东畅通,解放东路,2023-03-22 13:37:05,解放东路：自西向东畅通。
1,双向畅通,解放西路,2023-03-22 13:37:06,解放西路：双向畅通。
1,双向畅通,长堤路,2023-03-22 13:37:06,长堤路：双向畅通。
1,双向畅通,龙华路,2023-03-22 13:37:06,龙华路：双向畅通。
1,双向畅通,人民大桥,2023-03-22 13:57:13,人民大桥：双向畅通。
1,双向畅通,人民大道,2023-03-22 13:57:13,"人民大道：双向畅通；北向南,从海甸六西路到怡心一横路行驶缓慢。"
1,双向畅通,博爱北路,2023-03-22 13:57:13,博爱北路：双向畅通。
1,双向畅通,博爱南路,2023-03-22 13:57:13,博爱南路：双向畅通。
1,双向畅通,大同路,2023-03-22 13:57:13,大同路：双向畅通。
1,双向畅通,广场横路,2023-03-22 13:57:14,广场横路：双向畅通。
1,双向畅通,得胜沙北二街,2023-03-22 13:57:14,得胜沙北二街：双向畅通。
1,自西向东畅通,得胜沙路,2023-03-22 13:57:14,得胜沙路：自西向东畅通。
1,双向畅通,新华北路,2023-03-22 13:57:14,新华北路：双向畅通。
1,自北向南畅通,新华南路,2023-03-22 13:57:14,新华南路：自北向南畅通。
1,双向畅通,海富街,2023-03-22 13:57:15,海富街：双向畅通。
1,双向畅通,海甸一东路,2023-03-22 13:57:15,海甸一东路：双向畅通。
1,双向畅通,海甸一西路,2023-03-22 13:57:15,海甸一西路：双向畅通。
1,双向畅通,海甸东一街,2023-03-22 13:57:15,海甸东一街：双向畅通。
1,双向畅通,海甸二西路,2023-03-22 13:57:16,海甸二西路：双向畅通。
1,双向畅通,盐灶路,2023-03-22 13:57:16,盐灶路：双向畅通。
1,自西向东畅通,解放东路,2023-03-22 13:57:16,解放东路：自西向东畅通。
1,双向畅通,解放西路,2023-03-22 13:57:16,解放西路：双向畅通。
1,双向畅通,长堤路,2023-03-22 13:57:16,长堤路：双向畅通。
1,双向畅通,龙华路,2023-03-22 13:57:16,龙华路：双向畅通。
1,双向畅通,人民大桥,2023-03-22 14:17:23,人民大桥：双向畅通。
1,双向畅通,人民大道,2023-03-22 14:17:23,人民大道：双向畅通。
1,双向畅通,博爱北路,2023-03-22 14:17:23,博爱北路：双向畅通。
1,双向畅通,博爱南路,2023-03-22 14:17:24,博爱南路：双向畅通。
1,双向畅通,大同路,2023-03-22 14:17:24,大同路：双向畅通。
1,双向畅通,广场横路,2023-03-22 14:17:24,广场横路：双向畅通。
1,双向畅通,得胜沙北二街,2023-03-22 14:17:24,得胜沙北二街：双向畅通。
1,自西向东畅通,得胜沙路,2023-03-22 14:17:24,得胜沙路：自西向东畅通。
1,双向畅通,新华北路,2023-03-22 14:17:24,新华北路：双向畅通。
1,自北向南畅通,新华南路,2023-03-22 14:17:25,新华南路：自北向南畅通。
1,双向畅通,海富街,2023-03-22 14:17:25,海富街：双向畅通。
1,双向畅通,海甸一东路,2023-03-22 14:17:25,海甸一东路：双向畅通。
1,双向畅通,海甸一西路,2023-03-22 14:17:25,海甸一西路：双向畅通。
1,双向畅通,海甸东一街,2023-03-22 14:17:25,海甸东一街：双向畅通。
1,双向畅通,海甸二西路,2023-03-22 14:17:26,海甸二西路：双向畅通。
1,双向畅通,盐灶路,2023-03-22 14:17:26,盐灶路：双向畅通。
1,自西向东畅通,解放东路,2023-03-22 14:17:26,解放东路：自西向东畅通。
2,双向畅通,解放西路,2023-03-22 14:17:26,解放西路：双向畅通。
1,双向畅通,长堤路,2023-03-22 14:17:26,长堤路：双向畅通。
1,双向畅通,龙华路,2023-03-22 14:17:27,龙华路：双向畅通。
1,双向畅通,人民大桥,2023-03-22 14:37:34,人民大桥：双向畅通。
1,双向畅通,人民大道,2023-03-22 14:37:34,人民大道：双向畅通。
1,双向畅通,博爱北路,2023-03-22 14:37:34,博爱北路：双向畅通。
1,双向畅通,博爱南路,2023-03-22 14:37:34,博爱南路：双向畅通。
1,双向畅通,大同路,2023-03-22 14:37:34,大同路：双向畅通。
1,双向畅通,广场横路,2023-03-22 14:37:35,广场横路：双向畅通。
1,双向畅通,得胜沙北二街,2023-03-22 14:37:35,得胜沙北二街：双向畅通。
1,自西向东畅通,得胜沙路,2023-03-22 14:37:35,得胜沙路：自西向东畅通。
1,双向畅通,新华北路,2023-03-22 14:37:35,新华北路：双向畅通。
1,自北向南畅通,新华南路,2023-03-22 14:37:35,新华南路：自北向南畅通。
1,双向畅通,海富街,2023-03-22 14:37:35,海富街：双向畅通。
1,双向畅通,海甸一东路,2023-03-22 14:37:36,海甸一东路：双向畅通。
1,双向畅通,海甸一西路,2023-03-22 14:37:36,海甸一西路：双向畅通。
1,双向畅通,海甸东一街,2023-03-22 14:37:36,海甸东一街：双向畅通。
1,双向畅通,海甸二西路,2023-03-22 14:37:36,海甸二西路：双向畅通。
1,双向畅通,盐灶路,2023-03-22 14:37:36,"盐灶路：双向畅通；西向东,八灶街附近行驶缓慢。"
1,自西向东畅通,解放东路,2023-03-22 14:37:37,解放东路：自西向东畅通。
1,双向畅通,解放西路,2023-03-22 14:37:37,"解放西路：双向畅通；东向南,友谊天桥附近严重拥堵。"
1,双向畅通,长堤路,2023-03-22 14:37:37,长堤路：双向畅通。
1,双向畅通,龙华路,2023-03-22 14:37:38,龙华路：双向畅通。
1,双向畅通,人民大桥,2023-03-22 14:57:45,人民大桥：双向畅通。
1,双向畅通,人民大道,2023-03-22 14:57:45,人民大道：双向畅通。
1,双向畅通,博爱北路,2023-03-22 14:57:46,博爱北路：双向畅通。
1,双向畅通,博爱南路,2023-03-22 14:57:46,博爱南路：双向畅通。
1,双向畅通,大同路,2023-03-22 14:57:46,大同路：双向畅通。
1,双向畅通,广场横路,2023-03-22 14:57:46,广场横路：双向畅通。
1,双向畅通,得胜沙北二街,2023-03-22 14:57:46,得胜沙北二街：双向畅通。
1,自西向东畅通,得胜沙路,2023-03-22 14:57:47,得胜沙路：自西向东畅通。
1,双向畅通,新华北路,2023-03-22 14:57:47,新华北路：双向畅通。
1,自北向南畅通,新华南路,2023-03-22 14:57:47,新华南路：自北向南畅通。
1,双向畅通,海富街,2023-03-22 14:57:47,海富街：双向畅通。
1,双向畅通,海甸一东路,2023-03-22 14:57:47,海甸一东路：双向畅通。
1,双向畅通,海甸一西路,2023-03-22 14:57:47,海甸一西路：双向畅通。
1,双向畅通,海甸东一街,2023-03-22 14:57:48,海甸东一街：双向畅通。
1,双向畅通,海甸二西路,2023-03-22 14:57:48,海甸二西路：双向畅通。
1,双向畅通,盐灶路,2023-03-22 14:57:48,"盐灶路：双向畅通；东向西,从八灶路到八灶街严重拥堵。"
1,自西向东畅通,解放东路,2023-03-22 14:57:48,解放东路：自西向东畅通。
1,双向畅通,解放西路,2023-03-22 14:57:49,解放西路：双向畅通。
1,双向畅通,长堤路,2023-03-22 14:57:49,长堤路：双向畅通。
1,双向畅通,龙华路,2023-03-22 14:57:49,龙华路：双向畅通。
1,双向畅通,人民大桥,2023-03-22 15:17:56,人民大桥：双向畅通。
1,双向畅通,人民大道,2023-03-22 15:17:56,人民大道：双向畅通。
1,双向畅通,博爱北路,2023-03-22 15:17:56,博爱北路：双向畅通。
1,双向畅通,博爱南路,2023-03-22 15:17:56,博爱南路：双向畅通。
1,双向畅通,大同路,2023-03-22 15:17:56,大同路：双向畅通。
1,双向畅通,广场横路,2023-03-22 15:17:56,广场横路：双向畅通。
1,双向畅通,得胜沙北二街,2023-03-22 15:17:56,得胜沙北二街：双向畅通。
1,自西向东畅通,得胜沙路,2023-03-22 15:17:56,得胜沙路：自西向东畅通。
1,双向畅通,新华北路,2023-03-22 15:17:57,新华北路：双向畅通。
1,自北向南畅通,新华南路,2023-03-22 15:17:57,新华南路：自北向南畅通。
1,双向畅通,海富街,2023-03-22 15:17:57,海富街：双向畅通。
1,双向畅通,海甸一东路,2023-03-22 15:17:57,海甸一东路：双向畅通。
1,双向畅通,海甸一西路,2023-03-22 15:17:57,海甸一西路：双向畅通。
1,双向畅通,海甸东一街,2023-03-22 15:17:57,海甸东一街：双向畅通。
1,双向畅通,海甸二西路,2023-03-22 15:17:58,海甸二西路：双向畅通。
1,双向畅通,盐灶路,2023-03-22 15:17:58,盐灶路：双向畅通。
1,自西向东畅通,解放东路,2023-03-22 15:17:58,解放东路：自西向东畅通。
1,双向畅通,解放西路,2023-03-22 15:17:58,解放西路：双向畅通。
1,双向畅通,长堤路,2023-03-22 15:17:58,长堤路：双向畅通。
1,双向畅通,龙华路,2023-03-22 15:17:58,龙华路：双向畅通。
1,双向畅通,人民大桥,2023-03-22 15:38:05,人民大桥：双向畅通。
1,双向畅通,人民大道,2023-03-22 15:38:06,人民大道：双向畅通。
1,双向畅通,博爱北路,2023-03-22 15:38:06,博爱北路：双向畅通。
1,双向畅通,博爱南路,2023-03-22 15:38:06,博爱南路：双向畅通。
1,双向畅通,大同路,2023-03-22 15:38:06,大同路：双向畅通。
1,双向畅通,广场横路,2023-03-22 15:38:06,广场横路：双向畅通。
1,双向畅通,得胜沙北二街,2023-03-22 15:38:07,得胜沙北二街：双向畅通。
1,自西向东畅通,得胜沙路,2023-03-22 15:38:07,得胜沙路：自西向东畅通。
1,双向畅通,新华北路,2023-03-22 15:38:07,新华北路：双向畅通。
1,自北向南畅通,新华南路,2023-03-22 15:38:07,新华南路：自北向南畅通。
1,双向畅通,海富街,2023-03-22 15:38:07,海富街：双向畅通。
1,双向畅通,海甸一东路,2023-03-22 15:38:08,海甸一东路：双向畅通。
1,双向畅通,海甸一西路,2023-03-22 15:38:08,海甸一西路：双向畅通。
1,双向畅通,海甸东一街,2023-03-22 15:38:08,海甸东一街：双向畅通。
1,双向畅通,海甸二西路,2023-03-22 15:38:08,海甸二西路：双向畅通。
1,双向畅通,盐灶路,2023-03-22 15:38:08,盐灶路：双向畅通。
1,自西向东畅通,解放东路,2023-03-22 15:38:09,解放东路：自西向东畅通。
1,双向畅通,解放西路,2023-03-22 15:38:09,解放西路：双向畅通。
1,双向畅通,长堤路,2023-03-22 15:38:09,长堤路：双向畅通。
1,双向畅通,龙华路,2023-03-22 15:38:09,"龙华路：双向畅通；西向北,滨河路附近拥堵。"
1,双向畅通,人民大桥,2023-03-22 15:58:16,人民大桥：双向畅通。
1,双向畅通,人民大道,2023-03-22 15:58:16,人民大道：双向畅通。
2,自南向北畅通；自西向东轻微拥堵,博爱北路,2023-03-22 15:58:17,博爱北路：自南向北畅通；自西向东轻微拥堵。
1,双向畅通,博爱南路,2023-03-22 15:58:17,博爱南路：双向畅通。
1,双向畅通,大同路,2023-03-22 15:58:17,大同路：双向畅通。
1,双向畅通,广场横路,2023-03-22 15:58:17,广场横路：双向畅通。
1,双向畅通,得胜沙北二街,2023-03-22 15:58:17,得胜沙北二街：双向畅通。
1,自西向东畅通,得胜沙路,2023-03-22 15:58:18,得胜沙路：自西向东畅通。
1,双向畅通,新华北路,2023-03-22 15:58:18,新华北路：双向畅通。
1,自北向南畅通,新华南路,2023-03-22 15:58:18,新华南路：自北向南畅通。
1,双向畅通,海富街,2023-03-22 15:58:18,海富街：双向畅通。
1,双向畅通,海甸一东路,2023-03-22 15:58:18,海甸一东路：双向畅通。
1,双向畅通,海甸一西路,2023-03-22 15:58:19,海甸一西路：双向畅通。
1,双向畅通,海甸东一街,2023-03-22 15:58:19,海甸东一街：双向畅通。
1,双向畅通,海甸二西路,2023-03-22 15:58:19,海甸二西路：双向畅通。
1,双向畅通,盐灶路,2023-03-22 15:58:19,盐灶路：双向畅通。
1,自西向东畅通,解放东路,2023-03-22 15:58:19,解放东路：自西向东畅通。
1,双向畅通,解放西路,2023-03-22 15:58:20,解放西路：双向畅通。
1,双向畅通,长堤路,2023-03-22 15:58:20,长堤路：双向畅通。
1,双向畅通,龙华路,2023-03-22 15:58:20,龙华路：双向畅通。
1,双向畅通,人民大桥,2023-03-22 16:18:27,人民大桥：双向畅通。
1,双向畅通,人民大道,2023-03-22 16:18:27,人民大道：双向畅通。
1,双向畅通,博爱北路,2023-03-22 16:18:27,博爱北路：双向畅通。
1,双向畅通,博爱南路,2023-03-22 16:18:27,博爱南路：双向畅通。
1,双向畅通,大同路,2023-03-22 16:18:28,大同路：双向畅通。
1,双向畅通,广场横路,2023-03-22 16:18:28,广场横路：双向畅通。
1,双向畅通,得胜沙北二街,2023-03-22 16:18:28,得胜沙北二街：双向畅通。
1,自西向东畅通,得胜沙路,2023-03-22 16:18:28,得胜沙路：自西向东畅通。
1,双向畅通,新华北路,2023-03-22 16:18:28,新华北路：双向畅通。
1,自北向南畅通,新华南路,2023-03-22 16:18:29,新华南路：自北向南畅通。
1,双向畅通,海富街,2023-03-22 16:18:29,海富街：双向畅通。
1,双向畅通,海甸一东路,2023-03-22 16:18:29,海甸一东路：双向畅通。
1,双向畅通,海甸一西路,2023-03-22 16:18:29,海甸一西路：双向畅通。
1,双向畅通,海甸东一街,2023-03-22 16:18:29,海甸东一街：双向畅通。
1,双向畅通,海甸二西路,2023-03-22 16:18:29,海甸二西路：双向畅通。
1,双向畅通,盐灶路,2023-03-22 16:18:30,盐灶路：双向畅通。
1,自西向东畅通,解放东路,2023-03-22 16:18:30,解放东路：自西向东畅通。
1,双向畅通,解放西路,2023-03-22 16:18:30,解放西路：双向畅通。
1,双向畅通,长堤路,2023-03-22 16:18:30,长堤路：双向畅通。
1,双向畅通,龙华路,2023-03-22 16:18:30,龙华路：双向畅通。
1,双向畅通,人民大桥,2023-03-22 16:38:37,人民大桥：双向畅通。
1,双向畅通,人民大道,2023-03-22 16:38:37,人民大道：双向畅通。
1,双向畅通,博爱北路,2023-03-22 16:38:37,博爱北路：双向畅通。
1,双向畅通,博爱南路,2023-03-22 16:38:37,博爱南路：双向畅通。
1,双向畅通,大同路,2023-03-22 16:38:37,大同路：双向畅通。
1,双向畅通,广场横路,2023-03-22 16:38:37,广场横路：双向畅通。
1,双向畅通,得胜沙北二街,2023-03-22 16:38:38,得胜沙北二街：双向畅通。
1,自西向东畅通,得胜沙路,2023-03-22 16:38:38,得胜沙路：自西向东畅通。
1,双向畅通,新华北路,2023-03-22 16:38:38,新华北路：双向畅通。
1,自北向南畅通,新华南路,2023-03-22 16:38:38,新华南路：自北向南畅通。
1,双向畅通,海富街,2023-03-22 16:38:38,海富街：双向畅通。
1,双向畅通,海甸一东路,2023-03-22 16:38:39,海甸一东路：双向畅通。
1,双向畅通,海甸一西路,2023-03-22 16:38:39,海甸一西路：双向畅通。
1,双向畅通,海甸东一街,2023-03-22 16:38:39,海甸东一街：双向畅通。
1,双向畅通,海甸二西路,2023-03-22 16:38:39,海甸二西路：双向畅通。
1,双向畅通,盐灶路,2023-03-22 16:38:39,盐灶路：双向畅通。
1,自西向东畅通,解放东路,2023-03-22 16:38:39,解放东路：自西向东畅通。
1,双向畅通,解放西路,2023-03-22 16:38:40,"解放西路：双向畅通；东向南,友谊天桥附近行驶缓慢。"
1,双向畅通,长堤路,2023-03-22 16:38:40,长堤路：双向畅通。
1,双向畅通,龙华路,2023-03-22 16:38:40,龙华路：双向畅通。
1,双向畅通,人民大桥,2023-03-22 16:58:47,人民大桥：双向畅通。
1,双向畅通,人民大道,2023-03-22 16:58:48,人民大道：双向畅通。
1,双向畅通,博爱北路,2023-03-22 16:58:48,博爱北路：双向畅通。
1,双向畅通,博爱南路,2023-03-22 16:58:48,博爱南路：双向畅通。
1,双向畅通,大同路,2023-03-22 16:58:48,"大同路：双向畅通；西向南,从友谊天桥到大同桥行驶缓慢。"
1,双向畅通,广场横路,2023-03-22 16:58:48,广场横路：双向畅通。
1,双向畅通,得胜沙北二街,2023-03-22 16:58:49,得胜沙北二街：双向畅通。
1,自西向东畅通,得胜沙路,2023-03-22 16:58:49,得胜沙路：自西向东畅通。
1,双向畅通,新华北路,2023-03-22 16:58:49,新华北路：双向畅通。
1,自北向南畅通,新华南路,2023-03-22 16:58:49,新华南路：自北向南畅通。
2,双向畅通,海富街,2023-03-22 16:58:49,"海富街：双向畅通；南向北,海甸三西路附近拥堵。"
1,双向畅通,海甸一东路,2023-03-22 16:58:50,海甸一东路：双向畅通。
1,双向畅通,海甸一西路,2023-03-22 16:58:50,海甸一西路：双向畅通。
1,双向畅通,海甸东一街,2023-03-22 16:58:50,海甸东一街：双向畅通。
1,双向畅通,海甸二西路,2023-03-22 16:58:50,海甸二西路：双向畅通。
1,双向畅通,盐灶路,2023-03-22 16:58:50,盐灶路：双向畅通。
1,自西向东畅通,解放东路,2023-03-22 16:58:51,解放东路：自西向东畅通。
1,双向畅通,解放西路,2023-03-22 16:58:51,解放西路：双向畅通。
1,双向畅通,长堤路,2023-03-22 16:58:51,长堤路：双向畅通。
1,双向畅通,龙华路,2023-03-22 16:58:51,"龙华路：双向畅通；东向西,从龙华路辅路路口到龙昆北路拥堵。"
1,双向畅通,人民大桥,2023-03-22 17:18:57,人民大桥：双向畅通。
1,双向畅通,人民大道,2023-03-22 17:18:58,人民大道：双向畅通。
1,双向畅通,博爱北路,2023-03-22 17:18:58,博爱北路：双向畅通。
1,双向畅通,博爱南路,2023-03-22 17:18:58,博爱南路：双向畅通。
1,双向畅通,大同路,2023-03-22 17:18:58,大同路：双向畅通。
1,双向畅通,广场横路,2023-03-22 17:18:58,广场横路：双向畅通。
1,双向畅通,得胜沙北二街,2023-03-22 17:18:58,得胜沙北二街：双向畅通。
1,自西向东畅通,得胜沙路,2023-03-22 17:18:58,得胜沙路：自西向东畅通。
1,双向畅通,新华北路,2023-03-22 17:18:59,新华北路：双向畅通。
1,自北向南畅通,新华南路,2023-03-22 17:18:59,新华南路：自北向南畅通。
1,双向畅通,海富街,2023-03-22 17:18:59,海富街：双向畅通。
1,双向畅通,海甸一东路,2023-03-22 17:18:59,海甸一东路：双向畅通。
1,双向畅通,海甸一西路,2023-03-22 17:19:00,海甸一西路：双向畅通。
1,双向畅通,海甸东一街,2023-03-22 17:19:00,海甸东一街：双向畅通。
1,双向畅通,海甸二西路,2023-03-22 17:19:00,海甸二西路：双向畅通。
1,双向畅通,盐灶路,2023-03-22 17:19:00,盐灶路：双向畅通。
1,自西向东畅通,解放东路,2023-03-22 17:19:00,解放东路：自西向东畅通。
1,双向畅通,解放西路,2023-03-22 17:19:01,"解放西路：双向畅通；东向南,友谊天桥附近行驶缓慢。"
1,双向畅通,长堤路,2023-03-22 17:19:01,长堤路：双向畅通。
1,双向畅通,龙华路,2023-03-22 17:19:01,龙华路：双向畅通。
1,双向畅通,人民大桥,2023-03-22 17:39:08,人民大桥：双向畅通。
1,双向畅通,人民大道,2023-03-22 17:39:08,人民大道：双向畅通。
1,双向畅通,博爱北路,2023-03-22 17:39:08,博爱北路：双向畅通。
1,双向畅通,博爱南路,2023-03-22 17:39:08,博爱南路：双向畅通。
1,双向畅通,大同路,2023-03-22 17:39:08,大同路：双向畅通。
1,双向畅通,广场横路,2023-03-22 17:39:09,广场横路：双向畅通。
1,双向畅通,得胜沙北二街,2023-03-22 17:39:09,得胜沙北二街：双向畅通。
1,自西向东畅通,得胜沙路,2023-03-22 17:39:09,得胜沙路：自西向东畅通。
1,双向畅通,新华北路,2023-03-22 17:39:09,新华北路：双向畅通。
1,自北向南畅通,新华南路,2023-03-22 17:39:09,新华南路：自北向南畅通。
1,双向畅通,海富街,2023-03-22 17:39:10,海富街：双向畅通。
1,双向畅通,海甸一东路,2023-03-22 17:39:10,海甸一东路：双向畅通。
1,双向畅通,海甸一西路,2023-03-22 17:39:10,海甸一西路：双向畅通。
1,双向畅通,海甸东一街,2023-03-22 17:39:10,海甸东一街：双向畅通。
1,双向畅通,海甸二西路,2023-03-22 17:39:11,海甸二西路：双向畅通。
1,双向畅通,盐灶路,2023-03-22 17:39:11,盐灶路：双向畅通。
1,自西向东畅通,解放东路,2023-03-22 17:39:11,解放东路：自西向东畅通。
1,双向畅通,解放西路,2023-03-22 17:39:11,解放西路：双向畅通。
1,双向畅通,长堤路,2023-03-22 17:39:11,长堤路：双向畅通。
1,双向畅通,龙华路,2023-03-22 17:39:12,"龙华路：双向畅通；北向南,从玉河天桥到滨河路严重拥堵。"
1,双向畅通,人民大桥,2023-03-22 17:59:20,人民大桥：双向畅通。
1,双向畅通,人民大道,2023-03-22 17:59:20,"人民大道：双向畅通；北向南,海岸路附近行驶缓慢。"
1,双向畅通,博爱北路,2023-03-22 17:59:20,"博爱北路：双向畅通；南向北,从解放东路到水巷口街拥堵。"
1,双向畅通,博爱南路,2023-03-22 17:59:20,博爱南路：双向畅通。
1,双向畅通,大同路,2023-03-22 17:59:21,大同路：双向畅通。
1,双向畅通,广场横路,2023-03-22 17:59:21,广场横路：双向畅通。
1,双向畅通,得胜沙北二街,2023-03-22 17:59:21,得胜沙北二街：双向畅通。
1,自西向东畅通,得胜沙路,2023-03-22 17:59:21,得胜沙路：自西向东畅通。
1,双向畅通,新华北路,2023-03-22 17:59:21,新华北路：双向畅通。
1,自北向南畅通,新华南路,2023-03-22 17:59:22,新华南路：自北向南畅通。
1,双向畅通,海富街,2023-03-22 17:59:22,海富街：双向畅通。
1,双向畅通,海甸一东路,2023-03-22 17:59:22,海甸一东路：双向畅通。
1,双向畅通,海甸一西路,2023-03-22 17:59:22,海甸一西路：双向畅通。
1,双向畅通,海甸东一街,2023-03-22 17:59:22,海甸东一街：双向畅通。
1,双向畅通,海甸二西路,2023-03-22 17:59:22,海甸二西路：双向畅通。
1,双向畅通,盐灶路,2023-03-22 17:59:23,盐灶路：双向畅通。
1,自西向东畅通,解放东路,2023-03-22 17:59:23,解放东路：自西向东畅通。
1,双向畅通,解放西路,2023-03-22 17:59:23,解放西路：双向畅通。
2,双向畅通,长堤路,2023-03-22 17:59:23,"长堤路：双向畅通；东向西,和平北路附近拥堵。"
1,双向畅通,龙华路,2023-03-22 17:59:23,"龙华路：双向畅通；东向西,龙昆北路附近行驶缓慢。"
1,双向畅通,人民大桥,2023-03-22 18:19:31,人民大桥：双向畅通。
1,双向畅通,人民大道,2023-03-22 18:19:31,"人民大道：双向畅通；北向南,海岸路附近行驶缓慢。"
1,双向畅通,博爱北路,2023-03-22 18:19:32,博爱北路：双向畅通。
2,双向畅通,博爱南路,2023-03-22 18:19:32,"博爱南路：双向畅通；南向北,文明西路附近拥堵。"
2,自北向南畅通；自南向北拥堵,大同路,2023-03-22 18:19:32,"大同路：自北向南畅通；自南向北拥堵；南向北,大同桥附近严重拥堵；南向东,华厦天桥附近拥堵。"
1,双向畅通,广场横路,2023-03-22 18:19:32,广场横路：双向畅通。
1,双向畅通,得胜沙北二街,2023-03-22 18:19:32,得胜沙北二街：双向畅通。
1,自西向东畅通,得胜沙路,2023-03-22 18:19:33,得胜沙路：自西向东畅通。
1,双向畅通,新华北路,2023-03-22 18:19:33,新华北路：双向畅通。
1,自北向南畅通,新华南路,2023-03-22 18:19:33,新华南路：自北向南畅通。
1,双向畅通,海富街,2023-03-22 18:19:33,海富街：双向畅通。
1,双向畅通,海甸一东路,2023-03-22 18:19:33,海甸一东路：双向畅通。
1,双向畅通,海甸一西路,2023-03-22 18:19:34,海甸一西路：双向畅通。
1,双向畅通,海甸东一街,2023-03-22 18:19:34,海甸东一街：双向畅通。
1,双向畅通,海甸二西路,2023-03-22 18:19:34,海甸二西路：双向畅通。
1,双向畅通,盐灶路,2023-03-22 18:19:34,盐灶路：双向畅通。
1,自西向东畅通,解放东路,2023-03-22 18:19:34,解放东路：自西向东畅通。
2,双向畅通,解放西路,2023-03-22 18:19:35,"解放西路：双向畅通；东向南,友谊天桥附近行驶缓慢。"
2,自东向西畅通；自西向东轻微拥堵,长堤路,2023-03-22 18:19:35,"长堤路：自东向西畅通；自西向东轻微拥堵；西向东,和平北路附近拥堵；东向西,从和平北路到白马井渔婆行驶缓慢；西向东,从友谊天桥到白马井渔婆行驶缓慢。"
2,自北向南轻微拥堵；自南向北畅通,龙华路,2023-03-22 18:19:35,"龙华路：自北向南轻微拥堵；自南向北畅通；北向西,龙昆北路附近严重拥堵；西向东,龙昆北路附近拥堵。"
1,双向畅通,人民大桥,2023-03-22 18:39:43,人民大桥：双向畅通。
1,双向畅通,人民大道,2023-03-22 18:39:44,人民大道：双向畅通。
1,双向畅通,博爱北路,2023-03-22 18:39:44,博爱北路：双向畅通。
2,双向畅通,博爱南路,2023-03-22 18:39:44,博爱南路：双向畅通。
3,自北向南畅通；自南向北拥堵,大同路,2023-03-22 18:39:44,"大同路：自北向南畅通；自南向北拥堵；南向北,大同桥附近严重拥堵；南向东,华厦天桥附近拥堵。"
1,双向畅通,广场横路,2023-03-22 18:39:44,广场横路：双向畅通。
1,双向畅通,得胜沙北二街,2023-03-22 18:39:44,得胜沙北二街：双向畅通。
1,自西向东畅通,得胜沙路,2023-03-22 18:39:44,得胜沙路：自西向东畅通。
1,双向畅通,新华北路,2023-03-22 18:39:45,新华北路：双向畅通。
1,自北向南畅通,新华南路,2023-03-22 18:39:45,新华南路：自北向南畅通。
1,双向畅通,海富街,2023-03-22 18:39:45,海富街：双向畅通。
1,双向畅通,海甸一东路,2023-03-22 18:39:45,海甸一东路：双向畅通。
1,双向畅通,海甸一西路,2023-03-22 18:39:45,海甸一西路：双向畅通。
1,双向畅通,海甸东一街,2023-03-22 18:39:45,海甸东一街：双向畅通。
1,双向畅通,海甸二西路,2023-03-22 18:39:46,海甸二西路：双向畅通。
1,双向畅通,盐灶路,2023-03-22 18:39:46,盐灶路：双向畅通。
1,自西向东畅通,解放东路,2023-03-22 18:39:46,解放东路：自西向东畅通。
1,双向畅通,解放西路,2023-03-22 18:39:46,解放西路：双向畅通。
3,自东向西畅通；自西向东拥堵,长堤路,2023-03-22 18:39:46,"长堤路：自东向西畅通；自西向东拥堵；西向东,从友谊天桥到白马井渔婆严重拥堵；东向西,从和平北路到白马井渔婆行驶缓慢。"
1,双向畅通,龙华路,2023-03-22 18:39:47,"龙华路：双向畅通；东向西,从龙华路辅路路口到龙昆北路拥堵；西向东,龙华路附近拥堵；东向北,友谊天桥附近行驶缓慢；北向南,盐灶路附近行驶缓慢。"
1,双向畅通,人民大桥,2023-03-22 18:59:54,人民大桥：双向畅通。
1,双向畅通,人民大道,2023-03-22 18:59:54,人民大道：双向畅通。
1,双向畅通,博爱北路,2023-03-22 18:59:55,博爱北路：双向畅通。
1,双向畅通,博爱南路,2023-03-22 18:59:55,博爱南路：双向畅通。
1,双向畅通,大同路,2023-03-22 18:59:55,"大同路：双向畅通；南向北,大同桥附近严重拥堵；南向东,华厦天桥附近拥堵。"
1,双向畅通,广场横路,2023-03-22 18:59:55,广场横路：双向畅通。
1,双向畅通,得胜沙北二街,2023-03-22 18:59:55,得胜沙北二街：双向畅通。
1,自西向东畅通,得胜沙路,2023-03-22 18:59:56,得胜沙路：自西向东畅通。
1,双向畅通,新华北路,2023-03-22 18:59:56,新华北路：双向畅通。
1,自北向南畅通,新华南路,2023-03-22 18:59:56,新华南路：自北向南畅通。
1,双向畅通,海富街,2023-03-22 18:59:56,海富街：双向畅通。
1,双向畅通,海甸一东路,2023-03-22 18:59:56,海甸一东路：双向畅通。
1,双向畅通,海甸一西路,2023-03-22 18:59:57,海甸一西路：双向畅通。
1,双向畅通,海甸东一街,2023-03-22 18:59:57,海甸东一街：双向畅通。
1,双向畅通,海甸二西路,2023-03-22 18:59:57,海甸二西路：双向畅通。
1,双向畅通,盐灶路,2023-03-22 18:59:57,盐灶路：双向畅通。
1,自西向东畅通,解放东路,2023-03-22 18:59:57,解放东路：自西向东畅通。
1,自东向西轻微拥堵；自西向东畅通,解放西路,2023-03-22 18:59:58,"解放西路：自东向西轻微拥堵；自西向东畅通；东向西,新华北路附近拥堵。"
2,双向畅通,长堤路,2023-03-22 18:59:58,"长堤路：双向畅通；西向东,从友谊天桥到白马井渔婆行驶缓慢；东向西,从和平北路到白马井渔婆行驶缓慢。"
1,双向畅通,龙华路,2023-03-22 18:59:58,"龙华路：双向畅通；西向东,龙华路附近严重拥堵；北向西,龙昆北路附近拥堵。"
1,双向畅通,人民大桥,2023-03-22 19:20:06,人民大桥：双向畅通。
1,双向畅通,人民大道,2023-03-22 19:20:06,人民大道：双向畅通。
1,双向畅通,博爱北路,2023-03-22 19:20:06,博爱北路：双向畅通。
1,双向畅通,博爱南路,2023-03-22 19:20:07,博爱南路：双向畅通。
1,双向畅通,大同路,2023-03-22 19:20:07,大同路：双向畅通。
1,双向畅通,广场横路,2023-03-22 19:20:07,广场横路：双向畅通。
1,双向畅通,得胜沙北二街,2023-03-22 19:20:07,得胜沙北二街：双向畅通。
1,自西向东畅通,得胜沙路,2023-03-22 19:20:07,得胜沙路：自西向东畅通。
1,双向畅通,新华北路,2023-03-22 19:20:08,新华北路：双向畅通。
1,自北向南畅通,新华南路,2023-03-22 19:20:08,新华南路：自北向南畅通。
2,双向畅通,海富街,2023-03-22 19:20:08,海富街：双向畅通。
1,双向畅通,海甸一东路,2023-03-22 19:20:08,"海甸一东路：双向畅通；西向东,海甸东三街附近拥堵。"
1,双向畅通,海甸一西路,2023-03-22 19:20:08,海甸一西路：双向畅通。
1,双向畅通,海甸东一街,2023-03-22 19:20:08,海甸东一街：双向畅通。
1,双向畅通,海甸二西路,2023-03-22 19:20:09,海甸二西路：双向畅通。
1,双向畅通,盐灶路,2023-03-22 19:20:09,盐灶路：双向畅通。
1,自西向东畅通,解放东路,2023-03-22 19:20:09,解放东路：自西向东畅通。
1,双向畅通,解放西路,2023-03-22 19:20:09,解放西路：双向畅通。
2,自东向西拥堵；自西向东畅通,长堤路,2023-03-22 19:20:09,"长堤路：自东向西拥堵；自西向东畅通；西向东,白马井渔婆附近行驶缓慢；东向西,从和平北路到白马井渔婆行驶缓慢。"
1,双向畅通,龙华路,2023-03-22 19:20:10,"龙华路：双向畅通；东向北,友谊天桥附近行驶缓慢。"
2,自北向南畅通；自南向北轻微拥堵,人民大桥,2023-03-22 19:40:16,"人民大桥：自北向南畅通；自南向北轻微拥堵；南向北,人民大桥严重拥堵。"
1,双向畅通,人民大道,2023-03-22 19:40:17,"人民大道：双向畅通；东向北,从长堤路到人民天桥严重拥堵。"
3,自南向北畅通；自西向东拥堵,博爱北路,2023-03-22 19:40:17,博爱北路：自南向北畅通；自西向东拥堵。
1,双向畅通,博爱南路,2023-03-22 19:40:17,博爱南路：双向畅通。
1,双向畅通,大同路,2023-03-22 19:40:17,大同路：双向畅通。
1,双向畅通,广场横路,2023-03-22 19:40:17,广场横路：双向畅通。
1,双向畅通,得胜沙北二街,2023-03-22 19:40:18,得胜沙北二街：双向畅通。
1,自西向东畅通,得胜沙路,2023-03-22 19:40:18,得胜沙路：自西向东畅通。
1,双向畅通,新华北路,2023-03-22 19:40:18,新华北路：双向畅通。
1,自北向南畅通,新华南路,2023-03-22 19:40:18,新华南路：自北向南畅通。
2,自北向南畅通；自南向北轻微拥堵,海富街,2023-03-22 19:40:18,海富街：自北向南畅通；自南向北轻微拥堵。
1,双向畅通,海甸一东路,2023-03-22 19:40:18,海甸一东路：双向畅通。
1,双向畅通,海甸一西路,2023-03-22 19:40:18,海甸一西路：双向畅通。
1,双向畅通,海甸东一街,2023-03-22 19:40:19,海甸东一街：双向畅通。
1,双向畅通,海甸二西路,2023-03-22 19:40:19,海甸二西路：双向畅通。
1,双向畅通,盐灶路,2023-03-22 19:40:19,盐灶路：双向畅通。
1,自西向东畅通,解放东路,2023-03-22 19:40:19,解放东路：自西向东畅通。
1,双向畅通,解放西路,2023-03-22 19:40:19,解放西路：双向畅通。
1,双向畅通,长堤路,2023-03-22 19:40:19,长堤路：双向畅通。
1,双向畅通,龙华路,2023-03-22 19:40:20,"龙华路：双向畅通；北向东,从金龙路到海秀中路拥堵；西向东,从龙昆北路到龙华路辅路路口行驶缓慢。"
1,双向畅通,人民大桥,2023-03-22 20:00:26,人民大桥：双向畅通。
1,双向畅通,人民大道,2023-03-22 20:00:26,"人民大道：双向畅通；北向南,从人民大道辅路路口到人民天桥严重拥堵。"
1,双向畅通,博爱北路,2023-03-22 20:00:26,博爱北路：双向畅通。
1,双向畅通,博爱南路,2023-03-22 20:00:27,博爱南路：双向畅通。
1,双向畅通,大同路,2023-03-22 20:00:27,大同路：双向畅通。
1,双向畅通,广场横路,2023-03-22 20:00:27,广场横路：双向畅通。
1,双向畅通,得胜沙北二街,2023-03-22 20:00:27,得胜沙北二街：双向畅通。
1,自西向东畅通,得胜沙路,2023-03-22 20:00:27,得胜沙路：自西向东畅通。
1,双向畅通,新华北路,2023-03-22 20:00:28,新华北路：双向畅通。
1,自北向南畅通,新华南路,2023-03-22 20:00:28,新华南路：自北向南畅通。
2,自北向南畅通；自南向北轻微拥堵,海富街,2023-03-22 20:00:28,"海富街：自北向南畅通；自南向北轻微拥堵；南向北,海甸三西路附近严重拥堵。"
1,双向畅通,海甸一东路,2023-03-22 20:00:28,海甸一东路：双向畅通。
1,双向畅通,海甸一西路,2023-03-22 20:00:28,海甸一西路：双向畅通。
1,双向畅通,海甸东一街,2023-03-22 20:00:28,海甸东一街：双向畅通。
1,双向畅通,海甸二西路,2023-03-22 20:00:29,"海甸二西路：双向畅通；北向南,人民天桥附近严重拥堵；东向西,人民天桥附近行驶缓慢。"
1,双向畅通,盐灶路,2023-03-22 20:00:29,盐灶路：双向畅通。
1,自西向东畅通,解放东路,2023-03-22 20:00:29,解放东路：自西向东畅通。
1,双向畅通,解放西路,2023-03-22 20:00:29,解放西路：双向畅通。
1,双向畅通,长堤路,2023-03-22 20:00:29,长堤路：双向畅通。
1,双向畅通,龙华路,2023-03-22 20:00:30,龙华路：双向畅通。
1,双向畅通,人民大桥,2023-03-22 20:20:36,人民大桥：双向畅通。
1,双向畅通,人民大道,2023-03-22 20:20:37,人民大道：双向畅通。
1,双向畅通,博爱北路,2023-03-22 20:20:37,博爱北路：双向畅通。
1,双向畅通,博爱南路,2023-03-22 20:20:37,博爱南路：双向畅通。
1,双向畅通,大同路,2023-03-22 20:20:37,大同路：双向畅通。
1,双向畅通,广场横路,2023-03-22 20:20:37,广场横路：双向畅通。
1,双向畅通,得胜沙北二街,2023-03-22 20:20:37,得胜沙北二街：双向畅通。
1,自西向东畅通,得胜沙路,2023-03-22 20:20:38,得胜沙路：自西向东畅通。
1,双向畅通,新华北路,2023-03-22 20:20:38,新华北路：双向畅通。
1,自北向南畅通,新华南路,2023-03-22 20:20:38,新华南路：自北向南畅通。
1,双向畅通,海富街,2023-03-22 20:20:38,海富街：双向畅通。
1,双向畅通,海甸一东路,2023-03-22 20:20:38,海甸一东路：双向畅通。
1,双向畅通,海甸一西路,2023-03-22 20:20:39,海甸一西路：双向畅通。
1,双向畅通,海甸东一街,2023-03-22 20:20:39,海甸东一街：双向畅通。
1,双向畅通,海甸二西路,2023-03-22 20:20:39,海甸二西路：双向畅通。
1,双向畅通,盐灶路,2023-03-22 20:20:39,盐灶路：双向畅通。
1,自西向东畅通,解放东路,2023-03-22 20:20:39,解放东路：自西向东畅通。
1,双向畅通,解放西路,2023-03-22 20:20:39,解放西路：双向畅通。
1,双向畅通,长堤路,2023-03-22 20:20:40,长堤路：双向畅通。
1,双向畅通,龙华路,2023-03-22 20:20:40,"龙华路：双向畅通；南向北,玉河天桥附近拥堵。"
1,双向畅通,人民大桥,2023-03-22 20:40:47,人民大桥：双向畅通。
1,双向畅通,人民大道,2023-03-22 20:40:47,人民大道：双向畅通。
1,双向畅通,博爱北路,2023-03-22 20:40:47,博爱北路：双向畅通。
1,双向畅通,博爱南路,2023-03-22 20:40:48,博爱南路：双向畅通。
1,双向畅通,大同路,2023-03-22 20:40:48,大同路：双向畅通。
1,双向畅通,广场横路,2023-03-22 20:40:48,广场横路：双向畅通。
1,双向畅通,得胜沙北二街,2023-03-22 20:40:48,得胜沙北二街：双向畅通。
1,自西向东畅通,得胜沙路,2023-03-22 20:40:48,得胜沙路：自西向东畅通。
1,双向畅通,新华北路,2023-03-22 20:40:48,新华北路：双向畅通。
1,自北向南畅通,新华南路,2023-03-22 20:40:49,新华南路：自北向南畅通。
2,双向畅通,海富街,2023-03-22 20:40:49,海富街：双向畅通。
1,双向畅通,海甸一东路,2023-03-22 20:40:49,海甸一东路：双向畅通。
1,双向畅通,海甸一西路,2023-03-22 20:40:49,"海甸一西路：双向畅通；北向东,碧海大道附近拥堵。"
1,双向畅通,海甸东一街,2023-03-22 20:40:49,海甸东一街：双向畅通。
1,双向畅通,海甸二西路,2023-03-22 20:40:50,海甸二西路：双向畅通。
1,双向畅通,盐灶路,2023-03-22 20:40:50,盐灶路：双向畅通。
1,自西向东畅通,解放东路,2023-03-22 20:40:50,解放东路：自西向东畅通。
1,双向畅通,解放西路,2023-03-22 20:40:50,解放西路：双向畅通。
1,双向畅通,长堤路,2023-03-22 20:40:50,长堤路：双向畅通。
1,双向畅通,龙华路,2023-03-22 20:40:50,龙华路：双向畅通。
1,双向畅通,人民大桥,2023-03-22 21:00:56,人民大桥：双向畅通。
1,双向畅通,人民大道,2023-03-22 21:00:56,人民大道：双向畅通。
1,双向畅通,博爱北路,2023-03-22 21:00:56,博爱北路：双向畅通。
1,双向畅通,博爱南路,2023-03-22 21:00:56,博爱南路：双向畅通。
1,双向畅通,大同路,2023-03-22 21:00:57,大同路：双向畅通。
1,双向畅通,广场横路,2023-03-22 21:00:57,广场横路：双向畅通。
1,双向畅通,得胜沙北二街,2023-03-22 21:00:57,得胜沙北二街：双向畅通。
1,自西向东畅通,得胜沙路,2023-03-22 21:00:57,得胜沙路：自西向东畅通。
1,双向畅通,新华北路,2023-03-22 21:00:57,新华北路：双向畅通。
1,自北向南畅通,新华南路,2023-03-22 21:00:57,新华南路：自北向南畅通。
1,双向畅通,海富街,2023-03-22 21:00:58,海富街：双向畅通。
1,双向畅通,海甸一东路,2023-03-22 21:00:58,海甸一东路：双向畅通。
1,双向畅通,海甸一西路,2023-03-22 21:00:58,海甸一西路：双向畅通。
1,双向畅通,海甸东一街,2023-03-22 21:00:58,海甸东一街：双向畅通。
1,双向畅通,海甸二西路,2023-03-22 21:00:58,海甸二西路：双向畅通。
1,双向畅通,盐灶路,2023-03-22 21:00:59,盐灶路：双向畅通。
1,自西向东畅通,解放东路,2023-03-22 21:00:59,解放东路：自西向东畅通。
1,双向畅通,解放西路,2023-03-22 21:00:59,解放西路：双向畅通。
1,双向畅通,长堤路,2023-03-22 21:00:59,长堤路：双向畅通。
1,双向畅通,龙华路,2023-03-22 21:00:59,"龙华路：双向畅通；南向西,从海秀中路到华海路拥堵。"
1,双向畅通,人民大桥,2023-03-22 21:21:06,人民大桥：双向畅通。
1,双向畅通,人民大道,2023-03-22 21:21:06,人民大道：双向畅通。
2,双向畅通,博爱北路,2023-03-22 21:21:06,博爱北路：双向畅通。
1,双向畅通,博爱南路,2023-03-22 21:21:06,博爱南路：双向畅通。
1,双向畅通,大同路,2023-03-22 21:21:07,大同路：双向畅通。
1,双向畅通,广场横路,2023-03-22 21:21:07,广场横路：双向畅通。
1,双向畅通,得胜沙北二街,2023-03-22 21:21:07,得胜沙北二街：双向畅通。
1,自西向东畅通,得胜沙路,2023-03-22 21:21:07,得胜沙路：自西向东畅通。
1,双向畅通,新华北路,2023-03-22 21:21:08,新华北路：双向畅通。
1,自北向南畅通,新华南路,2023-03-22 21:21:08,新华南路：自北向南畅通。
1,双向畅通,海富街,2023-03-22 21:21:08,海富街：双向畅通。
1,双向畅通,海甸一东路,2023-03-22 21:21:08,海甸一东路：双向畅通。
1,双向畅通,海甸一西路,2023-03-22 21:21:08,海甸一西路：双向畅通。
1,双向畅通,海甸东一街,2023-03-22 21:21:08,海甸东一街：双向畅通。
1,双向畅通,海甸二西路,2023-03-22 21:21:09,海甸二西路：双向畅通。
1,双向畅通,盐灶路,2023-03-22 21:21:09,盐灶路：双向畅通。
1,自西向东畅通,解放东路,2023-03-22 21:21:09,解放东路：自西向东畅通。
2,双向畅通,解放西路,2023-03-22 21:21:09,解放西路：双向畅通。
1,双向畅通,长堤路,2023-03-22 21:21:09,长堤路：双向畅通。
1,双向畅通,龙华路,2023-03-22 21:21:09,龙华路：双向畅通。
1,双向畅通,人民大桥,2023-03-22 22:01:03,人民大桥：双向畅通。
1,双向畅通,人民大道,2023-03-22 22:01:03,人民大道：双向畅通。
1,双向畅通,博爱北路,2023-03-22 22:01:03,博爱北路：双向畅通。
1,双向畅通,博爱南路,2023-03-22 22:01:04,博爱南路：双向畅通。
1,双向畅通,大同路,2023-03-22 22:01:04,大同路：双向畅通。
1,双向畅通,广场横路,2023-03-22 22:01:04,广场横路：双向畅通。
1,双向畅通,得胜沙北二街,2023-03-22 22:01:04,得胜沙北二街：双向畅通。
1,自西向东畅通,得胜沙路,2023-03-22 22:01:05,得胜沙路：自西向东畅通。
1,双向畅通,新华北路,2023-03-22 22:01:05,新华北路：双向畅通。
1,自北向南畅通,新华南路,2023-03-22 22:01:05,新华南路：自北向南畅通。
1,双向畅通,海富街,2023-03-22 22:01:05,海富街：双向畅通。
1,双向畅通,海甸一东路,2023-03-22 22:01:05,海甸一东路：双向畅通。
1,双向畅通,海甸一西路,2023-03-22 22:01:05,海甸一西路：双向畅通。
1,双向畅通,海甸东一街,2023-03-22 22:01:06,海甸东一街：双向畅通。
1,双向畅通,海甸二西路,2023-03-22 22:01:06,海甸二西路：双向畅通。
1,双向畅通,盐灶路,2023-03-22 22:01:06,盐灶路：双向畅通。
1,自西向东畅通,解放东路,2023-03-22 22:01:06,解放东路：自西向东畅通。
2,自东向西轻微拥堵；自西向东畅通,解放西路,2023-03-22 22:01:07,解放西路：自东向西轻微拥堵；自西向东畅通。
1,双向畅通,长堤路,2023-03-22 22:01:07,长堤路：双向畅通。
1,双向畅通,龙华路,2023-03-22 22:01:07,龙华路：双向畅通。
1,双向畅通,人民大桥,2023-03-22 22:21:14,人民大桥：双向畅通。
1,双向畅通,人民大道,2023-03-22 22:21:14,"人民大道：双向畅通；北向南,从人民大道辅路路口到人民天桥严重拥堵。"
1,双向畅通,博爱北路,2023-03-22 22:21:15,博爱北路：双向畅通。
1,双向畅通,博爱南路,2023-03-22 22:21:15,博爱南路：双向畅通。
1,双向畅通,大同路,2023-03-22 22:21:15,大同路：双向畅通。
1,双向畅通,广场横路,2023-03-22 22:21:15,广场横路：双向畅通。
1,双向畅通,得胜沙北二街,2023-03-22 22:21:15,得胜沙北二街：双向畅通。
1,自西向东畅通,得胜沙路,2023-03-22 22:21:15,得胜沙路：自西向东畅通。
1,双向畅通,新华北路,2023-03-22 22:21:16,新华北路：双向畅通。
1,自北向南畅通,新华南路,2023-03-22 22:21:16,新华南路：自北向南畅通。
1,双向畅通,海富街,2023-03-22 22:21:16,海富街：双向畅通。
1,双向畅通,海甸一东路,2023-03-22 22:21:16,海甸一东路：双向畅通。
1,双向畅通,海甸一西路,2023-03-22 22:21:16,海甸一西路：双向畅通。
1,双向畅通,海甸东一街,2023-03-22 22:21:17,海甸东一街：双向畅通。
1,双向畅通,海甸二西路,2023-03-22 22:21:17,"海甸二西路：双向畅通；北向南,人民天桥附近严重拥堵。"
1,双向畅通,盐灶路,2023-03-22 22:21:17,盐灶路：双向畅通。
1,自西向东畅通,解放东路,2023-03-22 22:21:17,解放东路：自西向东畅通。
1,双向畅通,解放西路,2023-03-22 22:21:17,解放西路：双向畅通。
1,双向畅通,长堤路,2023-03-22 22:21:17,长堤路：双向畅通。
1,双向畅通,龙华路,2023-03-22 22:21:18,龙华路：双向畅通。
1,双向畅通,人民大桥,2023-03-22 22:41:25,人民大桥：双向畅通。
1,双向畅通,人民大道,2023-03-22 22:41:26,人民大道：双向畅通。
1,双向畅通,博爱北路,2023-03-22 22:41:26,博爱北路：双向畅通。
1,双向畅通,博爱南路,2023-03-22 22:41:26,博爱南路：双向畅通。
1,双向畅通,大同路,2023-03-22 22:41:26,大同路：双向畅通。
1,双向畅通,广场横路,2023-03-22 22:41:26,广场横路：双向畅通。
1,双向畅通,得胜沙北二街,2023-03-22 22:41:26,得胜沙北二街：双向畅通。
1,自西向东畅通,得胜沙路,2023-03-22 22:41:27,得胜沙路：自西向东畅通。
1,双向畅通,新华北路,2023-03-22 22:41:27,新华北路：双向畅通。
1,自北向南畅通,新华南路,2023-03-22 22:41:27,新华南路：自北向南畅通。
1,双向畅通,海富街,2023-03-22 22:41:27,海富街：双向畅通。
1,双向畅通,海甸一东路,2023-03-22 22:41:27,海甸一东路：双向畅通。
1,双向畅通,海甸一西路,2023-03-22 22:41:28,海甸一西路：双向畅通。
1,双向畅通,海甸东一街,2023-03-22 22:41:28,海甸东一街：双向畅通。
1,双向畅通,海甸二西路,2023-03-22 22:41:28,海甸二西路：双向畅通。
1,双向畅通,盐灶路,2023-03-22 22:41:31,盐灶路：双向畅通。
1,自西向东畅通,解放东路,2023-03-22 22:41:31,解放东路：自西向东畅通。
1,双向畅通,解放西路,2023-03-22 22:41:32,解放西路：双向畅通。
1,双向畅通,长堤路,2023-03-22 22:41:32,长堤路：双向畅通。
1,双向畅通,龙华路,2023-03-22 22:41:32,龙华路：双向畅通。
1,双向畅通,人民大桥,2023-03-22 23:01:39,人民大桥：双向畅通。
1,双向畅通,人民大道,2023-03-22 23:01:39,人民大道：双向畅通。
1,双向畅通,博爱北路,2023-03-22 23:01:39,博爱北路：双向畅通。
1,双向畅通,博爱南路,2023-03-22 23:01:39,博爱南路：双向畅通。
1,双向畅通,大同路,2023-03-22 23:01:40,大同路：双向畅通。
1,双向畅通,广场横路,2023-03-22 23:01:41,广场横路：双向畅通。
1,双向畅通,得胜沙北二街,2023-03-22 23:01:41,得胜沙北二街：双向畅通。
1,自西向东畅通,得胜沙路,2023-03-22 23:01:41,得胜沙路：自西向东畅通。
1,双向畅通,新华北路,2023-03-22 23:01:41,新华北路：双向畅通。
1,自北向南畅通,新华南路,2023-03-22 23:01:41,新华南路：自北向南畅通。
1,双向畅通,海富街,2023-03-22 23:01:41,海富街：双向畅通。
1,双向畅通,海甸一东路,2023-03-22 23:01:42,海甸一东路：双向畅通。
1,双向畅通,海甸一西路,2023-03-22 23:01:42,海甸一西路：双向畅通。
1,双向畅通,海甸东一街,2023-03-22 23:01:42,海甸东一街：双向畅通。
1,双向畅通,海甸二西路,2023-03-22 23:01:42,海甸二西路：双向畅通。
1,双向畅通,盐灶路,2023-03-22 23:01:42,盐灶路：双向畅通。
1,自西向东畅通,解放东路,2023-03-22 23:01:43,解放东路：自西向东畅通。
1,双向畅通,解放西路,2023-03-22 23:01:43,解放西路：双向畅通。
1,双向畅通,长堤路,2023-03-22 23:01:43,长堤路：双向畅通。
1,双向畅通,龙华路,2023-03-22 23:01:43,龙华路：双向畅通。
1,双向畅通,人民大桥,2023-03-22 23:21:49,人民大桥：双向畅通。
1,双向畅通,人民大道,2023-03-22 23:21:49,人民大道：双向畅通。
1,双向畅通,博爱北路,2023-03-22 23:21:49,博爱北路：双向畅通。
1,双向畅通,博爱南路,2023-03-22 23:21:50,博爱南路：双向畅通。
1,双向畅通,大同路,2023-03-22 23:21:50,大同路：双向畅通。
1,双向畅通,广场横路,2023-03-22 23:21:50,广场横路：双向畅通。
1,双向畅通,得胜沙北二街,2023-03-22 23:21:50,得胜沙北二街：双向畅通。
1,自西向东畅通,得胜沙路,2023-03-22 23:21:50,得胜沙路：自西向东畅通。
1,双向畅通,新华北路,2023-03-22 23:21:50,新华北路：双向畅通。
1,自北向南畅通,新华南路,2023-03-22 23:21:51,新华南路：自北向南畅通。
1,双向畅通,海富街,2023-03-22 23:21:51,海富街：双向畅通。
1,双向畅通,海甸一东路,2023-03-22 23:21:51,海甸一东路：双向畅通。
1,双向畅通,海甸一西路,2023-03-22 23:21:51,海甸一西路：双向畅通。
1,双向畅通,海甸东一街,2023-03-22 23:21:51,海甸东一街：双向畅通。
1,双向畅通,海甸二西路,2023-03-22 23:21:51,海甸二西路：双向畅通。
1,双向畅通,盐灶路,2023-03-22 23:21:52,盐灶路：双向畅通。
1,自西向东畅通,解放东路,2023-03-22 23:21:52,解放东路：自西向东畅通。
1,双向畅通,解放西路,2023-03-22 23:21:52,解放西路：双向畅通。
1,双向畅通,长堤路,2023-03-22 23:21:52,长堤路：双向畅通。
1,双向畅通,龙华路,2023-03-22 23:21:52,龙华路：双向畅通。
1,双向畅通,人民大桥,2023-03-22 23:41:59,人民大桥：双向畅通。
1,双向畅通,人民大道,2023-03-22 23:41:59,人民大道：双向畅通。
1,双向畅通,博爱北路,2023-03-22 23:41:59,博爱北路：双向畅通。
1,双向畅通,博爱南路,2023-03-22 23:41:59,博爱南路：双向畅通。
1,双向畅通,大同路,2023-03-22 23:42:00,大同路：双向畅通。
1,双向畅通,广场横路,2023-03-22 23:42:00,广场横路：双向畅通。
1,双向畅通,得胜沙北二街,2023-03-22 23:42:00,得胜沙北二街：双向畅通。
1,自西向东畅通,得胜沙路,2023-03-22 23:42:00,得胜沙路：自西向东畅通。
1,双向畅通,新华北路,2023-03-22 23:42:00,新华北路：双向畅通。
1,自北向南畅通,新华南路,2023-03-22 23:42:00,新华南路：自北向南畅通。
1,双向畅通,海富街,2023-03-22 23:42:00,海富街：双向畅通。
1,双向畅通,海甸一东路,2023-03-22 23:42:01,海甸一东路：双向畅通。
1,双向畅通,海甸一西路,2023-03-22 23:42:01,海甸一西路：双向畅通。
1,双向畅通,海甸东一街,2023-03-22 23:42:01,海甸东一街：双向畅通。
1,双向畅通,海甸二西路,2023-03-22 23:42:01,海甸二西路：双向畅通。
1,双向畅通,盐灶路,2023-03-22 23:42:01,盐灶路：双向畅通。
1,自西向东畅通,解放东路,2023-03-22 23:42:01,解放东路：自西向东畅通。
1,双向畅通,解放西路,2023-03-22 23:42:02,解放西路：双向畅通。
1,双向畅通,长堤路,2023-03-22 23:42:02,长堤路：双向畅通。
1,双向畅通,龙华路,2023-03-22 23:42:02,龙华路：双向畅通。
1,双向畅通,人民大桥,2023-03-23 00:02:08,人民大桥：双向畅通。
1,双向畅通,人民大道,2023-03-23 00:02:08,人民大道：双向畅通。
1,双向畅通,博爱北路,2023-03-23 00:02:08,博爱北路：双向畅通。
1,双向畅通,博爱南路,2023-03-23 00:02:09,博爱南路：双向畅通。
1,双向畅通,大同路,2023-03-23 00:02:09,大同路：双向畅通。
1,双向畅通,广场横路,2023-03-23 00:02:09,广场横路：双向畅通。
1,双向畅通,得胜沙北二街,2023-03-23 00:02:09,得胜沙北二街：双向畅通。
1,自西向东畅通,得胜沙路,2023-03-23 00:02:09,得胜沙路：自西向东畅通。
1,双向畅通,新华北路,2023-03-23 00:02:09,新华北路：双向畅通。
1,自北向南畅通,新华南路,2023-03-23 00:02:10,新华南路：自北向南畅通。
1,双向畅通,海富街,2023-03-23 00:02:10,海富街：双向畅通。
1,双向畅通,海甸一东路,2023-03-23 00:02:10,海甸一东路：双向畅通。
1,双向畅通,海甸一西路,2023-03-23 00:02:10,海甸一西路：双向畅通。
1,双向畅通,海甸东一街,2023-03-23 00:02:10,海甸东一街：双向畅通。
1,双向畅通,海甸二西路,2023-03-23 00:02:10,海甸二西路：双向畅通。
1,双向畅通,盐灶路,2023-03-23 00:02:11,盐灶路：双向畅通。
1,自西向东畅通,解放东路,2023-03-23 00:02:11,解放东路：自西向东畅通。
1,双向畅通,解放西路,2023-03-23 00:02:11,解放西路：双向畅通。
1,双向畅通,长堤路,2023-03-23 00:02:11,长堤路：双向畅通。
1,双向畅通,龙华路,2023-03-23 00:02:11,龙华路：双向畅通。
1,双向畅通,人民大桥,2023-03-23 00:22:17,人民大桥：双向畅通。
1,双向畅通,人民大道,2023-03-23 00:22:17,人民大道：双向畅通。
1,双向畅通,博爱北路,2023-03-23 00:22:17,博爱北路：双向畅通。
1,双向畅通,博爱南路,2023-03-23 00:22:17,博爱南路：双向畅通。
1,双向畅通,大同路,2023-03-23 00:22:18,大同路：双向畅通。
1,双向畅通,广场横路,2023-03-23 00:22:18,广场横路：双向畅通。
1,双向畅通,得胜沙北二街,2023-03-23 00:22:18,得胜沙北二街：双向畅通。
1,自西向东畅通,得胜沙路,2023-03-23 00:22:18,得胜沙路：自西向东畅通。
1,双向畅通,新华北路,2023-03-23 00:22:18,新华北路：双向畅通。
1,自北向南畅通,新华南路,2023-03-23 00:22:18,新华南路：自北向南畅通。
1,双向畅通,海富街,2023-03-23 00:22:18,海富街：双向畅通。
1,双向畅通,海甸一东路,2023-03-23 00:22:19,海甸一东路：双向畅通。
1,双向畅通,海甸一西路,2023-03-23 00:22:19,海甸一西路：双向畅通。
1,双向畅通,海甸东一街,2023-03-23 00:22:19,海甸东一街：双向畅通。
1,双向畅通,海甸二西路,2023-03-23 00:22:19,海甸二西路：双向畅通。
1,双向畅通,盐灶路,2023-03-23 00:22:19,盐灶路：双向畅通。
1,自西向东畅通,解放东路,2023-03-23 00:22:19,解放东路：自西向东畅通。
1,双向畅通,解放西路,2023-03-23 00:22:19,解放西路：双向畅通。
1,双向畅通,长堤路,2023-03-23 00:22:20,长堤路：双向畅通。
1,双向畅通,龙华路,2023-03-23 00:22:20,龙华路：双向畅通。
1,双向畅通,人民大桥,2023-03-23 00:42:26,人民大桥：双向畅通。
1,双向畅通,人民大道,2023-03-23 00:42:26,人民大道：双向畅通。
1,双向畅通,博爱北路,2023-03-23 00:42:26,博爱北路：双向畅通。
1,双向畅通,博爱南路,2023-03-23 00:42:26,博爱南路：双向畅通。
1,双向畅通,大同路,2023-03-23 00:42:26,大同路：双向畅通。
1,双向畅通,广场横路,2023-03-23 00:42:26,广场横路：双向畅通。
1,双向畅通,得胜沙北二街,2023-03-23 00:42:26,得胜沙北二街：双向畅通。
1,自西向东畅通,得胜沙路,2023-03-23 00:42:27,得胜沙路：自西向东畅通。
1,双向畅通,新华北路,2023-03-23 00:42:27,新华北路：双向畅通。
1,自北向南畅通,新华南路,2023-03-23 00:42:27,新华南路：自北向南畅通。
1,双向畅通,海富街,2023-03-23 00:42:27,海富街：双向畅通。
1,双向畅通,海甸一东路,2023-03-23 00:42:27,海甸一东路：双向畅通。
1,双向畅通,海甸一西路,2023-03-23 00:42:27,海甸一西路：双向畅通。
1,双向畅通,海甸东一街,2023-03-23 00:42:27,海甸东一街：双向畅通。
1,双向畅通,海甸二西路,2023-03-23 00:42:28,海甸二西路：双向畅通。
1,双向畅通,盐灶路,2023-03-23 00:42:28,盐灶路：双向畅通。
1,自西向东畅通,解放东路,2023-03-23 00:42:28,解放东路：自西向东畅通。
1,双向畅通,解放西路,2023-03-23 00:42:28,解放西路：双向畅通。
1,双向畅通,长堤路,2023-03-23 00:42:28,长堤路：双向畅通。
1,双向畅通,龙华路,2023-03-23 00:42:28,龙华路：双向畅通。
